id,1,2,3,4,5,6,7,8,9,10,11,12,13,14,15,16,17,18,19,20,21,22,23,24,25
1,1.5971,0.5526,1.6105,1.3088,0.4131,1.2881,1.197,0.3965,0.3972,1.2819,1.7117,0.7783,0.7517,1.3057,2.0286,1.0348,0.8447,1.9766,0.4665,0.5663,2.0359,1.0593,1.9597,1.4449,0.783
2,1.5971,0.5526,1.6105,1.3088,0.4131,1.2881,1.197,0.3965,0.3972,1.2819,1.7117,0.7783,0.7517,1.3057,2.0286,1.0348,0.8447,1.9766,0.4665,0.5663,2.0359,1.0593,1.9597,1.4449,0.783
3,1.5971,0.5526,1.6105,1.3088,0.4131,1.2881,1.197,0.3965,0.3972,1.2819,1.7117,0.7783,0.7517,1.3057,2.0286,1.0348,0.8447,1.9766,0.4665,0.5663,2.0359,1.0593,1.9597,1.4449,0.783
4,1.5971,0.5526,1.6105,1.3088,0.4131,1.2881,1.197,0.3965,0.3972,1.2819,1.7117,0.7783,0.7517,1.3057,2.0286,1.0348,0.8447,1.9766,0.4665,0.5663,2.0359,1.0593,1.9597,1.4449,0.783
5,1.5971,0.5526,1.6105,1.3088,0.4131,1.2881,1.197,0.3965,0.3972,1.2819,1.7117,0.7783,0.7517,1.3057,2.0286,1.0348,0.8447,1.9766,0.4665,0.5663,2.0359,1.0593,1.9597,1.4449,0.783
6,1.5971,0.5526,1.6105,1.3088,0.4131,1.2881,1.197,0.3965,0.3972,1.2819,1.7117,0.7783,0.7517,1.3057,2.0286,1.0348,0.8447,1.9766,0.4665,0.5663,2.0359,1.0593,1.9597,1.4449,0.783
7,1.5971,0.5526,1.6105,1.3088,0.4131,1.2881,1.197,0.3965,0.3972,1.2819,1.7117,0.7783,0.7517,1.3057,2.0286,1.0348,0.8447,1.9766,0.4665,0.5663,2.0359,1.0593,1.9597,1.4449,0.783
8,1.5971,0.5526,1.6105,1.3088,0.4131,1.2881,1.197,0.3965,0.3972,1.2819,1.7117,0.7783,0.7517,1.3057,2.0286,1.0348,0.8447,1.9766,0.4665,0.5663,2.0359,1.0593,1.9597,1.4449,0.783
9,1.5971,0.5526,1.6105,1.3088,0.4131,1.2881,1.197,0.3965,0.3972,1.2819,1.7117,0.7783,0.7517,1.3057,2.0286,1.0348,0.8447,1.9766,0.4665,0.5663,2.0359,1.0593,1.9597,1.4449,0.783
10,1.5971,0.5526,1.6105,1.3088,0.4131,1.2881,1.197,0.3965,0.3972,1.2819,1.7117,0.7783,0.7517,1.3057,2.0286,1.0348,0.8447,1.9766,0.4665,0.5663,2.0359,1.0593,1.9597,1.4449,0.783
11,1.5971,0.5526,1.6105,1.3088,0.4131,1.2881,1.197,0.3965,0.3972,1.2819,1.7117,0.7783,0.7517,1.3057,2.0286,1.0348,0.8447,1.9766,0.4665,0.5663,2.0359,1.0593,1.9597,1.4449,0.783
12,1.5971,0.5526,1.6105,1.3088,0.4131,1.2881,1.197,0.3965,0.3972,1.2819,1.7117,0.7783,0.7517,1.3057,2.0286,1.0348,0.8447,1.9766,0.4665,0.5663,2.0359,1.0593,1.9597,1.4449,0.783
13,1.5971,0.5526,1.6105,1.3088,0.4131,1.2881,1.197,0.3965,0.3972,1.2819,1.7117,0.7783,0.7517,1.3057,2.0286,1.0348,0.8447,1.9766,0.4665,0.5663,2.0359,1.0593,1.9597,1.4449,0.783
14,1.5971,0.5526,1.6105,1.3088,0.4131,1.2881,1.197,0.3965,0.3972,1.2819,1.7117,0.7783,0.7517,1.3057,2.0286,1.0348,0.8447,1.9766,0.4665,0.5663,2.0359,1.0593,1.9597,1.4449,0.783
15,1.5971,0.5526,1.6105,1.3088,0.4131,1.2881,1.197,0.3965,0.3972,1.2819,1.7117,0.7783,0.7517,1.3057,2.0286,1.0348,0.8447,1.9766,0.4665,0.5663,2.0359,1.0593,1.9597,1.4449,0.783
16,1.5971,0.5526,1.6105,1.3088,0.4131,1.2881,1.197,0.3965,0.3972,1.2819,1.7117,0.7783,0.7517,1.3057,2.0286,1.0348,0.8447,1.9766,0.4665,0.5663,2.0359,1.0593,1.9597,1.4449,0.783
17,1.5971,0.5526,1.6105,1.3088,0.4131,1.2881,1.197,0.3965,0.3972,1.2819,1.7117,0.7783,0.7517,1.3057,2.0286,1.0348,0.8447,1.9766,0.4665,0.5663,2.0359,1.0593,1.9597,1.4449,0.783
18,1.5971,0.5526,1.6105,1.3088,0.4131,1.2881,1.197,0.3965,0.3972,1.2819,1.7117,0.7783,0.7517,1.3057,2.0286,1.0348,0.8447,1.9766,0.4665,0.5663,2.0359,1.0593,1.9597,1.4449,0.783
19,1.5971,0.5526,1.6105,1.3088,0.4131,1.2881,1.197,0.3965,0.3972,1.2819,1.7117,0.7783,0.7517,1.3057,2.0286,1.0348,0.8447,1.9766,0.4665,0.5663,2.0359,1.0593,1.9597,1.4449,0.783
20,1.6722,0.4604,1.7849,1.4561,0.2036,1.3043,1.3149,0.3451,0.607,1.1548,1.8624,0.9422,0.6734,1.3679,2.0974,0.9447,0.8194,2.1043,0.6552,0.7015,2.1428,0.9345,2.0239,1.4626,0.9639
21,1.9121,0.705,2.036,1.5928,0.3677,1.564,1.4782,0.5845,0.8447,1.3383,2.0658,1.0162,0.8434,1.6358,2.1935,1.1465,1.0344,2.3197,0.789,0.8208,2.2943,1.1277,2.1175,1.6857,1.2181
22,1.7085,0.6854,1.859,1.3821,0.3901,1.4007,1.2569,0.5952,0.7474,1.2747,1.8547,0.846,0.6695,1.4591,1.9726,1.0176,0.8522,2.1047,0.6248,0.6196,2.0696,1.057,1.897,1.4911,1.0598
23,1.7314,0.7061,1.8648,1.3832,0.4091,1.4301,1.2665,0.6038,0.7414,1.311,1.8626,0.8313,0.706,1.4835,1.9852,1.0549,0.8849,2.118,0.6124,0.6162,2.0812,1.0929,1.91,1.5209,1.0635
24,1.7578,0.7322,1.8726,1.3854,0.4347,1.4639,1.2783,0.6175,0.738,1.3523,1.8723,0.8165,0.7471,1.5119,1.9995,1.0971,0.9221,2.1336,0.6015,0.6151,2.0945,1.1337,1.9248,1.5547,1.0699
25,1.783,0.7567,1.8796,1.3889,0.4601,1.4957,1.2909,0.6308,0.7348,1.3911,1.882,0.8045,0.7867,1.5385,2.0149,1.1369,0.9578,2.1488,0.5929,0.617,2.1084,1.1721,1.9408,1.5871,1.0759
26,1.8108,0.786,1.8893,1.3939,0.4909,1.5306,1.3055,0.6499,0.7367,1.4328,1.8937,0.7941,0.8286,1.5683,2.0308,1.1794,0.9963,2.166,0.5882,0.6223,2.1235,1.2135,1.9574,1.6219,1.0858
27,1.8418,0.8163,1.9029,1.4037,0.5226,1.5677,1.3246,0.6708,0.7429,1.4745,1.9095,0.7895,0.872,1.601,2.0507,1.2229,1.0369,2.1871,0.59,0.634,2.1425,1.2551,1.9778,1.6594,1.0999
28,2.0636,1.0622,2.0986,1.5191,0.7496,1.8204,1.4797,0.9054,0.9567,1.71,2.0734,0.8664,1.0988,1.8477,2.1462,1.4635,1.2755,2.3666,0.7483,0.7899,2.2729,1.4946,2.0743,1.8878,1.3153
29,2.0015,1.1468,2.0431,1.3934,0.8457,1.808,1.3701,1.0032,0.9817,1.7602,1.9728,0.7509,1.0869,1.8214,2.0011,1.4767,1.2556,2.2699,0.692,0.7035,2.1424,1.5439,1.9303,1.8393,1.2912
30,2.1516,1.1218,2.1987,1.6055,0.7981,1.9005,1.5668,0.9681,1.0513,1.7563,2.1668,0.9554,1.1614,1.9355,2.2105,1.5224,1.3483,2.4584,0.8479,0.8835,2.3524,1.5445,2.1379,1.9656,1.4146
31,2.1406,1.114,2.1958,1.5998,0.7887,1.8885,1.558,0.9637,1.0515,1.7419,2.1608,0.9539,1.1455,1.9253,2.1987,1.5072,1.3341,2.4504,0.8458,0.877,2.3429,1.5305,2.1258,1.9518,1.4117
32,2.1319,1.1099,2.1953,1.5953,0.783,1.8794,1.5508,0.9632,1.0549,1.7306,2.1564,0.9537,1.1322,1.9179,2.1874,1.4948,1.3225,2.4442,0.8462,0.8725,2.3343,1.5196,2.1141,1.9403,1.4116
33,2.1234,1.1061,2.195,1.591,0.7778,1.8705,1.5438,0.9631,1.0587,1.7194,2.1522,0.954,1.1191,1.9107,2.1761,1.4825,1.3112,2.4382,0.847,0.8685,2.326,1.509,2.1026,1.929,1.4119
34,2.1151,1.1028,2.1948,1.5869,0.7731,1.8618,1.5371,0.9634,1.0629,1.7084,2.1482,0.9547,1.1062,1.9037,2.165,1.4705,1.3001,2.4323,0.8484,0.865,2.3177,1.4985,2.0912,1.9178,1.4124
35,2.1069,1.0998,2.1949,1.5831,0.7689,1.8532,1.5306,0.9642,1.0675,1.6976,2.1444,0.9559,1.0935,1.8969,2.1541,1.4586,1.2892,2.4265,0.8503,0.862,2.3096,1.4882,2.0799,1.9068,1.4132
36,2.0989,1.0972,2.1951,1.5796,0.7653,1.8449,1.5243,0.9654,1.0725,1.6869,2.1408,0.9575,1.0811,1.8903,2.1433,1.447,1.2786,2.4209,0.8526,0.8594,2.3017,1.4782,2.0688,1.896,1.4144
37,2.0911,1.095,2.1956,1.5764,0.7622,1.8367,1.5183,0.9671,1.0778,1.6765,2.1374,0.9595,1.0689,1.8839,2.1326,1.4355,1.2683,2.4155,0.8555,0.8574,2.2939,1.4684,2.0579,1.8853,1.4158
38,2.0834,1.0932,2.1962,1.5734,0.7597,1.8288,1.5126,0.9692,1.0835,1.6662,2.1342,0.962,1.057,1.8778,2.1221,1.4243,1.2582,2.4103,0.8588,0.8559,2.2863,1.4588,2.047,1.8748,1.4176
39,2.0768,1.092,2.1965,1.5705,0.7581,1.822,1.5075,0.9713,1.0883,1.6578,2.1312,0.9639,1.0471,1.8724,2.113,1.4149,1.2497,2.4056,0.8615,0.8545,2.2796,1.4509,2.0376,1.8658,1.4189
40,2.0694,1.0909,2.1975,1.568,0.7566,1.8145,1.5023,0.9743,1.0947,1.6479,2.1283,0.9672,1.0357,1.8666,2.1027,1.4041,1.24,2.4006,0.8658,0.8538,2.2723,1.4418,2.0271,1.8556,1.4212
41,2.0623,1.0902,2.1987,1.5658,0.7556,1.8071,1.4973,0.9776,1.1015,1.6382,2.1257,0.9709,1.0246,1.8611,2.0926,1.3935,1.2307,2.3959,0.8705,0.8537,2.2651,1.4329,2.0167,1.8455,1.4238
42,2.0553,1.0898,2.2001,1.5638,0.7553,1.7999,1.4926,0.9814,1.1085,1.6287,2.1232,0.9751,1.0139,1.8557,2.0827,1.3831,1.2216,2.3913,0.8756,0.8541,2.2582,1.4242,2.0065,1.8357,1.4267
43,2.0486,1.0899,2.2016,1.5621,0.7555,1.793,1.4882,0.9856,1.116,1.6194,2.1209,0.9797,1.0034,1.8505,2.073,1.3729,1.2128,2.3868,0.8813,0.8549,2.2513,1.4158,1.9965,1.826,1.4299
44,2.042,1.0904,2.2034,1.5607,0.7562,1.7862,1.4841,0.9902,1.1237,1.6104,2.1189,0.9846,0.9933,1.8456,2.0634,1.363,1.2043,2.3826,0.8873,0.8563,2.2447,1.4076,1.9866,1.8166,1.4334
45,2.0356,1.0912,2.2054,1.5596,0.7576,1.7797,1.4802,0.9952,1.1318,1.6015,2.117,0.99,0.9834,1.8409,2.0539,1.3533,1.1961,2.3785,0.8939,0.8582,2.2382,1.3997,1.9769,1.8073,1.4371
46,2.0294,1.0925,2.2075,1.5587,0.7595,1.7734,1.4766,1.0006,1.1402,1.5929,2.1154,0.9958,0.974,1.8364,2.0447,1.3439,1.1883,2.3746,0.9008,0.8606,2.232,1.3921,1.9673,1.7982,1.4412
47,2.024,1.0939,2.2091,1.5577,0.7616,1.768,1.4733,1.0055,1.1472,1.5859,2.1136,1.0005,0.9661,1.8325,2.0365,1.3361,1.1816,2.371,0.9065,0.8624,2.2263,1.3859,1.959,1.7904,1.4444
48,2.0181,1.0958,2.2116,1.5573,0.7645,1.7621,1.4702,1.0116,1.1562,1.5776,2.1124,1.007,0.9573,1.8284,2.0276,1.3271,1.1743,2.3674,0.9142,0.8657,2.2203,1.3788,1.9497,1.7816,1.449
49,2.0125,1.0982,2.2143,1.5572,0.768,1.7564,1.4675,1.0182,1.1655,1.5697,2.1113,1.0139,0.9488,1.8245,2.0188,1.3184,1.1673,2.364,0.9223,0.8695,2.2146,1.3719,1.9407,1.7731,1.4539
50,2.007,1.1009,2.2172,1.5574,0.772,1.751,1.465,1.0251,1.175,1.5619,2.1104,1.0212,0.9407,1.8209,2.0102,1.31,1.1607,2.3607,0.9308,0.8737,2.2089,1.3653,1.9318,1.7647,1.459
51,2.0022,1.1035,2.2193,1.5572,0.7758,1.7463,1.4626,1.0312,1.183,1.5556,2.1093,1.0271,0.9341,1.8177,2.0026,1.3031,1.1551,2.3577,0.9378,0.8771,2.2039,1.36,1.924,1.7576,1.4632
52,1.9971,1.107,2.2226,1.5579,0.7808,1.7413,1.4606,1.0387,1.1931,1.5483,2.1088,1.035,0.9267,1.8145,1.9943,1.2951,1.149,2.3548,0.947,0.8822,2.1986,1.3539,1.9155,1.7496,1.4688
53,1.9922,1.1108,2.226,1.5589,0.7863,1.7365,1.4589,1.0467,1.2034,1.5412,2.1085,1.0433,0.9198,1.8116,1.9862,1.2875,1.1433,2.3521,0.9566,0.8877,2.1935,1.3482,1.9071,1.7418,1.4747
54,1.9846,1.122,2.2393,1.5675,0.8017,1.728,1.4608,1.0681,1.2327,1.5245,2.1133,1.0699,0.9064,1.8081,1.9716,1.2709,1.1331,2.3505,0.9856,0.9077,2.1864,1.3351,1.8919,1.7265,1.4939
55,1.9856,1.1194,2.2359,1.5649,0.7983,1.7293,1.4596,1.0634,1.2262,1.5279,2.1115,1.0636,0.9087,1.8083,1.9739,1.2741,1.1347,2.3501,0.9788,0.9027,2.1871,1.3377,1.8943,1.7292,1.4893
56,2.1608,1.1519,2.4105,1.7761,0.8168,1.8585,1.6673,1.0929,1.3346,1.5605,2.3149,1.2491,1.0359,1.9556,2.1868,1.3627,1.2724,2.5513,1.1388,1.088,2.402,1.3796,2.1067,1.8867,1.6392
57,2.0049,1.0215,2.2203,1.6046,0.6874,1.7169,1.4986,0.9496,1.146,1.4882,2.1386,1.0654,0.9064,1.7972,2.0704,1.2579,1.1317,2.3839,0.9427,0.8972,2.2562,1.2925,1.9914,1.7523,1.4468
58,1.9843,1.0019,2.2106,1.601,0.6701,1.6913,1.4887,0.9367,1.1415,1.4569,2.1291,1.0712,0.8785,1.775,2.0605,1.2274,1.1058,2.3705,0.9436,0.8943,2.2457,1.2621,1.9812,1.7271,1.4378
59,1.9687,0.9865,2.2058,1.6019,0.6571,1.6706,1.4838,0.9281,1.1418,1.4291,2.1245,1.0812,0.8556,1.758,2.0546,1.2012,1.085,2.362,0.9495,0.8968,2.2397,1.2355,1.9749,1.7068,1.434
60,1.9536,0.972,2.2015,1.6035,0.6454,1.6503,1.4796,0.9205,1.143,1.4015,2.1203,1.092,0.8333,1.7414,2.0491,1.1753,1.0648,2.3539,0.9563,0.9003,2.2341,1.2092,1.9691,1.6868,1.4308
61,1.9389,0.9582,2.1976,1.6057,0.6351,1.6303,1.476,0.9139,1.145,1.374,2.1166,1.1036,0.8115,1.7252,2.0441,1.1496,1.0451,2.3462,0.9641,0.9049,2.2289,1.1831,1.9638,1.6673,1.4284
62,1.9245,0.9452,2.1942,1.6085,0.6262,1.6107,1.4731,0.9083,1.1479,1.3467,2.1133,1.116,0.7904,1.7094,2.0395,1.1242,1.026,2.3389,0.9729,0.9105,2.2241,1.1573,1.9589,1.648,1.4266
63,1.9106,0.9332,2.1912,1.612,0.6187,1.5915,1.4708,0.9037,1.1517,1.3195,2.1105,1.1291,0.77,1.6941,2.0355,1.0992,1.0075,2.332,0.9825,0.9172,2.2198,1.1317,1.9546,1.6292,1.4255
64,1.897,0.922,2.1887,1.616,0.6128,1.5726,1.4692,0.9003,1.1563,1.2926,2.1082,1.143,0.7503,1.6792,2.0319,1.0745,0.9896,2.3254,0.9931,0.9249,2.2159,1.1065,1.9508,1.6107,1.4251
65,1.8839,0.9118,2.1866,1.6206,0.6084,1.5542,1.4683,0.8979,1.1617,1.2659,2.1063,1.1575,0.7315,1.6648,2.0288,1.0501,0.9725,2.3193,1.0046,0.9336,2.2125,1.0815,1.9474,1.5927,1.4254
66,1.8713,0.9026,2.1849,1.6258,0.6056,1.5362,1.468,0.8967,1.1679,1.2394,2.1049,1.1726,0.7136,1.6508,2.0261,1.0261,0.9561,2.3136,1.0169,0.9433,2.2094,1.057,1.9446,1.5751,1.4264
67,1.8591,0.8943,2.1837,1.6316,0.6044,1.5186,1.4684,0.8965,1.175,1.2131,2.104,1.1885,0.6966,1.6373,2.024,1.0026,0.9404,2.3084,1.03,0.9539,2.2069,1.0327,1.9422,1.5579,1.4281
68,1.8473,0.8871,2.183,1.638,0.6049,1.5015,1.4695,0.8974,1.1828,1.1871,2.1035,1.2049,0.6806,1.6243,2.0223,0.9794,0.9255,2.3035,1.0438,0.9654,2.2048,1.0089,1.9404,1.5411,1.4305
69,1.8331,0.8808,2.18,1.6418,0.6072,1.4828,1.468,0.8993,1.1899,1.161,2.1004,1.2193,0.6633,1.6095,2.0178,0.9553,0.909,2.2959,1.0563,0.9751,2.1997,0.9851,1.9357,1.5222,1.4313
70,1.8223,0.8758,2.1802,1.6493,0.6109,1.4666,1.4705,0.9024,1.1993,1.1355,2.1009,1.2369,0.6496,1.5975,2.0171,0.9331,0.8958,2.2918,1.0716,0.9884,2.1985,0.9621,1.9349,1.5064,1.435
71,1.8119,0.8719,2.1808,1.6574,0.6162,1.4509,1.4736,0.9066,1.2094,1.1103,2.1018,1.2551,0.6371,1.5861,2.0169,0.9114,0.8836,2.2882,1.0877,1.0025,2.1977,0.9397,1.9345,1.491,1.4394
72,1.802,0.869,2.1819,1.6661,0.623,1.4357,1.4773,0.9119,1.2203,1.0855,2.1032,1.2737,0.6259,1.5752,2.0172,0.8903,0.8723,2.285,1.1044,1.0173,2.1974,0.9177,1.9347,1.4762,1.4445
73,1.7926,0.8673,2.1834,1.6753,0.6313,1.421,1.4817,0.9182,1.2318,1.061,2.1051,1.2929,0.6162,1.5648,2.0179,0.8699,0.8619,2.2823,1.1218,1.0329,2.1975,0.8963,1.9354,1.4619,1.4502
74,1.7838,0.8668,2.1854,1.685,0.6411,1.4069,1.4868,0.9255,1.2441,1.0368,2.1074,1.3125,0.6079,1.555,2.0192,0.8501,0.8527,2.28,1.1398,1.0492,2.198,0.8756,1.9366,1.4481,1.4566
75,1.7754,0.8673,2.1878,1.6953,0.6522,1.3934,1.4925,0.9338,1.257,1.0131,2.1102,1.3326,0.6011,1.5458,2.0209,0.8311,0.8444,2.2781,1.1583,1.0662,2.199,0.8555,1.9384,1.4349,1.4637
76,1.7675,0.869,2.1906,1.706,0.6646,1.3804,1.4989,0.9431,1.2705,0.9898,2.1135,1.3531,0.5959,1.5372,2.0232,0.8128,0.8373,2.2766,1.1774,1.0838,2.2005,0.836,1.9406,1.4223,1.4714
77,1.7602,0.8719,2.1939,1.7173,0.6782,1.3681,1.5058,0.9533,1.2847,0.9669,2.1172,1.374,0.5924,1.5292,2.0259,0.7953,0.8313,2.2756,1.197,1.102,2.2024,0.8174,1.9433,1.4102,1.4797
78,1.7534,0.8758,2.1977,1.7291,0.693,1.3564,1.5134,0.9645,1.2995,0.9445,2.1214,1.3953,0.5904,1.5218,2.0291,0.7787,0.8265,2.275,1.2171,1.1208,2.2048,0.7995,1.9466,1.3988,1.4886
79,1.7471,0.8809,2.2019,1.7414,0.7089,1.3452,1.5216,0.9765,1.3148,0.9227,2.1261,1.417,0.5902,1.515,2.0328,0.763,0.8228,2.2748,1.2376,1.1402,2.2076,0.7824,1.9503,1.3879,1.4981
80,1.5652,0.7648,2.0148,1.5922,0.6348,1.1642,1.3613,0.8746,1.1723,0.8247,1.9512,1.2995,0.401,1.3266,1.9163,0.6001,0.6328,2.0983,1.1091,1.0083,2.059,0.6616,1.8351,1.2148,1.3233
81,1.8314,0.7466,2.2242,1.8244,0.5637,1.3842,1.6136,0.8336,1.2436,0.893,2.2057,1.4415,0.6553,1.554,2.1954,0.7985,0.8818,2.3691,1.2256,1.1648,2.3411,0.7408,2.1137,1.4857,1.4812
82,1.6345,0.7569,2.0466,1.5977,0.5803,1.2432,1.3825,0.8412,1.147,0.9055,1.9855,1.2613,0.4535,1.3941,1.9494,0.6904,0.6953,2.1489,1.0709,0.9784,2.0988,0.7339,1.8679,1.2978,1.3304
83,1.6519,0.6691,2.0663,1.6958,0.5414,1.2057,1.4695,0.7848,1.1538,0.7736,2.047,1.362,0.4847,1.3761,2.0649,0.6245,0.7045,2.1997,1.1427,1.0701,2.19,0.6062,1.9842,1.3053,1.3469
84,1.6686,0.7122,2.1022,1.7286,0.5914,1.2203,1.4986,0.8335,1.2052,0.7647,2.076,1.4054,0.5104,1.3974,2.0756,0.6292,0.7274,2.2221,1.1908,1.1136,2.2076,0.6091,1.9946,1.3134,1.3913
85,1.6873,0.7594,2.1406,1.7639,0.6452,1.2375,1.5303,0.886,1.2597,0.7589,2.1071,1.4517,0.5413,1.4213,2.0875,0.6384,0.7544,2.2462,1.2421,1.1602,2.2267,0.6169,2.0064,1.3236,1.4387
86,1.7108,0.8081,2.1825,1.8032,0.6993,1.2595,1.5664,0.939,1.3158,0.7579,2.1424,1.5009,0.5791,1.4496,2.1042,0.6547,0.7874,2.2747,1.2956,1.2098,2.2504,0.6305,2.0228,1.3391,1.4889
87,1.7339,0.859,2.2233,1.8399,0.7541,1.2833,1.6004,0.9932,1.371,0.7639,2.1758,1.5474,0.6174,1.4787,2.1181,0.6754,0.8212,2.3017,1.3471,1.2571,2.2717,0.6511,2.0366,1.3551,1.5382
88,1.7604,0.9094,2.2665,1.881,0.8089,1.3095,1.6389,1.047,1.4272,0.7713,2.2129,1.5977,0.6606,1.5103,2.1375,0.7001,0.8592,2.3323,1.4012,1.308,2.2978,0.6737,2.056,1.375,1.5893
89,1.7844,0.9571,2.3057,1.9183,0.8605,1.3341,1.6739,1.0975,1.479,0.7814,2.2463,1.6438,0.701,1.5394,2.1547,0.725,0.8947,2.3597,1.451,1.3548,2.3209,0.6978,2.0732,1.3934,1.6362
90,1.8118,1.0097,2.3485,1.9577,0.9158,1.3634,1.7113,1.1523,1.5344,0.799,2.2823,1.692,0.7456,1.5728,2.1726,0.7562,0.9347,2.3896,1.5033,1.4038,2.3456,0.7293,2.0911,1.4154,1.6867
91,1.8423,1.0619,2.3933,2.0011,0.9713,1.3949,1.7528,1.2069,1.5908,0.8177,2.3218,1.7435,0.7938,1.6084,2.1959,0.7904,0.978,2.423,1.5581,1.4561,2.3748,0.7621,2.1145,1.441,1.7389
92,1.8711,1.1141,2.4362,2.0425,1.0266,1.4255,1.7922,1.2613,1.646,0.8391,2.359,1.7934,0.8407,1.6426,2.2172,0.8249,1.02,2.4541,1.6113,1.5068,2.4018,0.7966,2.1359,1.4654,1.7895
93,1.9052,1.1684,2.483,2.0868,1.0826,1.4619,1.8352,1.3169,1.7028,0.8674,2.4002,1.8448,0.8913,1.6822,2.2421,0.8658,1.0667,2.4899,1.666,1.5591,2.4328,0.8369,2.1609,1.4957,1.8429
94,2.0467,1.1063,2.57,2.2184,1.0221,1.5554,1.9745,1.2491,1.6987,0.8622,2.5384,1.9158,0.9867,1.779,2.4469,0.9452,1.1692,2.6437,1.7082,1.6297,2.618,0.833,2.3654,1.6462,1.8893
95,1.8605,1.1045,2.4251,2.0341,1.0189,1.414,1.7833,1.2525,1.6364,0.8288,2.3492,1.786,0.8304,1.6312,2.2112,0.8132,1.009,2.4443,1.6031,1.4987,2.3939,0.7853,2.13,1.4551,1.7788
96,1.8309,1.0812,2.397,2.0199,1.0065,1.3787,1.7662,1.2342,1.6171,0.7902,2.3266,1.7777,0.8082,1.5978,2.2021,0.7777,0.9818,2.4194,1.5911,1.4877,2.3774,0.7485,2.1211,1.4248,1.7545
97,1.8016,1.0588,2.3692,2.0064,0.9955,1.3435,1.7499,1.2168,1.5987,0.7517,2.3044,1.7702,0.7875,1.5646,2.1936,0.7427,0.9553,2.3949,1.5801,1.4778,2.3615,0.7119,2.1129,1.3949,1.7308
98,1.7778,1.0397,2.3459,1.9949,0.9856,1.3148,1.7362,1.2017,1.5825,0.7202,2.2861,1.7632,0.7704,1.5374,2.187,0.7139,0.9336,2.3748,1.5702,1.4689,2.3486,0.6815,2.1066,1.371,1.7107
99,1.7492,1.0193,2.3187,1.9827,0.9772,1.2801,1.7212,1.1863,1.5654,0.6818,2.2648,1.7573,0.7524,1.5048,2.1797,0.6797,0.9089,2.3511,1.5609,1.4607,2.3337,0.6455,2.0997,1.342,1.688
100,1.7219,1.0007,2.2927,1.9703,0.97,1.2474,1.7064,1.1723,1.5492,0.6467,2.244,1.751,0.7356,1.4739,2.172,0.6476,0.8856,2.3281,1.5516,1.4525,2.3189,0.6123,2.0924,1.3146,1.6664
101,1.6973,0.9826,2.2687,1.9621,0.9645,1.2159,1.6957,1.1591,1.5349,0.6094,2.2267,1.7485,0.7232,1.4447,2.1693,0.617,0.8656,2.3083,1.5456,1.4481,2.3083,0.5781,2.09,1.29,1.6469
102,1.6709,0.9662,2.2433,1.951,0.96,1.1837,1.6823,1.1472,1.5201,0.5745,2.2068,1.7438,0.7095,1.4144,2.1628,0.5862,0.8444,2.2861,1.538,1.4417,2.2945,0.5457,2.084,1.2636,1.6264
103,1.6472,0.9504,2.2201,1.9442,0.9574,1.1529,1.6732,1.1362,1.5074,0.5374,2.1905,1.7429,0.7007,1.3859,2.1613,0.5573,0.8268,2.2672,1.5338,1.4392,2.2851,0.5125,2.083,1.2402,1.6082
104,1.6216,0.9363,2.1953,1.9344,0.9557,1.1214,1.6612,1.1264,1.4941,0.503,2.1716,1.7397,0.6906,1.3564,2.1561,0.5282,0.8079,2.2457,1.5279,1.4347,2.2723,0.4814,2.0782,1.215,1.5889
105,1.5958,0.9232,2.1703,1.9264,0.9563,1.0887,1.6508,1.1179,1.482,0.4658,2.1532,1.7388,0.6834,1.326,2.1529,0.499,0.7905,2.2246,1.5241,1.4325,2.2608,0.4491,2.0755,1.1897,1.5701
106,1.5743,0.9116,2.1488,1.9206,0.9572,1.0606,1.6432,1.1103,1.4715,0.4324,2.1383,1.7388,0.6793,1.3,2.152,0.4747,0.7769,2.2072,1.5214,1.4315,2.2524,0.4205,2.0751,1.1691,1.554
107,1.5496,0.9013,2.1247,1.914,0.9609,1.0288,1.6345,1.1043,1.4612,0.3961,2.1211,1.7396,0.6764,1.2706,2.1501,0.4487,0.7626,2.187,1.5196,1.4314,2.242,0.3907,2.0738,1.1453,1.5367
108,1.5287,0.8925,2.1036,1.9108,0.9658,1.0004,1.6295,1.0995,1.4529,0.3604,2.1074,1.7428,0.6777,1.2446,2.152,0.4273,0.7527,2.1705,1.52,1.4339,2.2356,0.3631,2.0763,1.1258,1.5222
109,1.77,0.9554,2.3184,2.0424,0.9485,1.2608,1.7784,1.1352,1.5467,0.5793,2.3041,1.8038,0.7869,1.4938,2.2793,0.6599,0.9286,2.3896,1.5855,1.5021,2.408,0.5595,2.2002,1.3671,1.681
110,1.8333,1.0578,2.4066,2.1879,1.0926,1.2996,1.9143,1.2528,1.6776,0.5416,2.4116,1.9724,0.9352,1.5487,2.4035,0.7331,1.0465,2.4755,1.7464,1.6675,2.5194,0.5939,2.3259,1.4244,1.7977
111,1.7351,1.1665,2.3582,2.2343,1.2704,1.1896,1.943,1.3844,1.7696,0.4458,2.3797,2.0948,1.0268,1.4554,2.4123,0.718,1.0738,2.4032,1.8677,1.7855,2.4926,0.595,2.339,1.3256,1.8275
112,1.9076,1.1374,2.4753,2.3621,1.2371,1.3336,2.0807,1.3481,1.7896,0.5012,2.5317,2.1624,1.1197,1.5948,2.5943,0.8381,1.1912,2.5753,1.9162,1.8538,2.6739,0.6364,2.5194,1.509,1.8988
113,1.8842,0.9935,2.4192,2.209,1.0254,1.3356,1.9425,1.1832,1.6354,0.5483,2.4458,1.9589,0.9452,1.5796,2.4665,0.7607,1.0673,2.5238,1.7212,1.6553,2.5762,0.5813,2.3884,1.4848,1.7838
114,1.6756,0.7727,2.1687,2.0329,0.8754,1.1003,1.7644,0.9841,1.413,0.3135,2.2368,1.7973,0.783,1.3388,2.3582,0.5463,0.8686,2.32,1.5415,1.4895,2.4202,0.311,2.2823,1.2984,1.5414
115,1.7892,0.847,2.2822,2.1512,0.9424,1.2078,1.884,1.053,1.5076,0.3828,2.357,1.9023,0.8972,1.4498,2.4697,0.6648,0.9891,2.4377,1.6435,1.5961,2.5379,0.4189,2.3934,1.4096,1.6515
116,1.7721,0.8289,2.261,2.137,0.9311,1.1884,1.8697,1.0368,1.4892,0.3636,2.3397,1.8895,0.8855,1.4297,2.4612,0.6489,0.9738,2.4208,1.6292,1.583,2.5252,0.3974,2.3852,1.3947,1.6313
117,1.7556,0.815,2.2416,2.1257,0.925,1.1693,1.858,1.0251,1.4747,0.3435,2.3242,1.8807,0.8774,1.4104,2.4546,0.6346,0.9612,2.405,1.619,1.5741,2.5142,0.3775,2.3788,1.3803,1.614
118,1.7392,0.8016,2.2222,2.1146,0.9195,1.1504,1.8466,1.0139,1.4605,0.3239,2.3089,1.8722,0.8698,1.3913,2.4482,0.621,0.949,2.3894,1.6091,1.5654,2.5033,0.3581,2.3727,1.3661,1.597
119,1.7225,0.7846,2.2012,2.1009,0.9098,1.1315,1.833,0.9987,1.4426,0.3065,2.2919,1.8601,0.8598,1.3716,2.4403,0.6067,0.9349,2.3728,1.5955,1.5532,2.4912,0.3377,2.3651,1.352,1.5771
120,1.7065,0.7722,2.1819,2.0903,0.9054,1.113,1.822,0.9883,1.4288,0.2882,2.2768,1.8521,0.8533,1.3527,2.4344,0.5943,0.9236,2.3574,1.5861,1.5451,2.4806,0.3193,2.3594,1.3384,1.5603
121,1.6907,0.7602,2.1628,2.0798,0.9016,1.0947,1.8113,0.9783,1.4153,0.2708,2.2619,1.8443,0.8475,1.334,2.4286,0.5826,0.9127,2.3422,1.5771,1.5374,2.4703,0.3017,2.354,1.3251,1.5437
122,1.6784,0.7495,2.1466,2.0723,0.8987,1.0798,1.8037,0.9693,1.4036,0.2572,2.2503,1.8388,0.8448,1.3187,2.426,0.5748,0.9053,2.3303,1.5701,1.5319,2.4634,0.288,2.3517,1.3154,1.5297
123,1.5711,0.9347,2.1288,2.0743,1.0928,0.9834,1.7869,1.1623,1.5334,0.1654,2.2021,1.9238,0.8791,1.244,2.345,0.5278,0.8973,2.2427,1.6761,1.6138,2.3796,0.3424,2.273,1.1873,1.5882
124,1.3493,0.7723,1.896,1.7663,0.9003,0.7976,1.4821,0.9882,1.2937,0.2732,1.9304,1.6224,0.5688,1.0386,2.0617,0.2314,0.5896,1.9965,1.3898,1.3126,2.1026,0.2094,1.9886,0.9653,1.3303
125,1.1414,0.9468,1.7599,1.7274,1.1217,0.5836,1.4266,1.163,1.3743,0.3688,1.7958,1.6942,0.6865,0.8478,1.973,0.2767,0.5995,1.8156,1.4795,1.3932,1.9695,0.3998,1.9059,0.7548,1.3121
126,1.0019,0.8876,1.6101,1.4707,1.0115,0.5261,1.1715,1.0741,1.2126,0.5652,1.5909,1.4456,0.4596,0.746,1.7346,0.1772,0.3487,1.6419,1.2547,1.1485,1.7483,0.4841,1.6652,0.6121,1.1329
127,0.9626,1.0835,1.6628,1.5629,1.2184,0.5207,1.2538,1.2772,1.4023,0.6221,1.6203,1.6115,0.654,0.7586,1.7302,0.358,0.5298,1.6228,1.4395,1.3232,1.7385,0.6134,1.6644,0.5448,1.2784
128,0.7937,0.9587,1.4136,1.3187,1.0967,0.3669,1.0144,1.1246,1.1617,0.7343,1.3894,1.3683,0.5215,0.553,1.601,0.3525,0.3176,1.434,1.1966,1.0879,1.5712,0.6481,1.5362,0.4245,1.0047
129,0.8127,1.0928,1.5161,1.3857,1.213,0.4524,1.0752,1.265,1.3179,0.7651,1.4433,1.4744,0.6023,0.6458,1.5658,0.4154,0.4362,1.4561,1.3238,1.1979,1.5623,0.7142,1.5009,0.3956,1.1549
130,0.907,1.004,1.5653,1.3789,1.1029,0.5267,1.0735,1.1743,1.2571,0.7134,1.4927,1.4122,0.4851,0.7182,1.5884,0.3254,0.351,1.5326,1.253,1.1262,1.6113,0.6381,1.5196,0.5027,1.1362
131,1.0088,0.927,1.6249,1.3876,1.0005,0.6179,1.0903,1.0942,1.2106,0.6801,1.5531,1.364,0.3799,0.8045,1.6228,0.2679,0.3025,1.6166,1.1964,1.0699,1.6704,0.5798,1.5507,0.6169,1.135
132,0.8958,0.9381,1.5115,1.3177,1.0346,0.5132,1.0159,1.1003,1.1687,0.7253,1.4502,1.3305,0.4163,0.6877,1.5764,0.3064,0.2623,1.5101,1.1655,1.0427,1.5923,0.6239,1.5071,0.5146,1.0534
133,0.9903,0.8333,1.472,1.134,0.8541,0.699,0.8573,0.9457,0.9688,0.8821,1.3879,1.0561,0.2077,0.7973,1.4971,0.4445,0.1335,1.5175,0.8971,0.7626,1.5419,0.7177,1.4233,0.6886,0.9062
134,0.9827,0.8375,1.466,1.1301,0.8601,0.6935,0.8525,0.95,0.9698,0.8842,1.3815,1.0566,0.2151,0.7908,1.4926,0.4459,0.1317,1.5103,0.8984,0.7638,1.5359,0.7207,1.4191,0.6815,0.9035
135,0.978,0.8392,1.4625,1.1289,0.8633,0.6892,0.8507,0.9519,0.9703,0.8841,1.3782,1.0578,0.2192,0.7862,1.4912,0.4455,0.1295,1.5064,0.8998,0.7653,1.5332,0.7212,1.4177,0.6769,0.9018
136,0.9735,0.8427,1.461,1.1294,0.8684,0.6848,0.8504,0.9563,0.9741,0.8831,1.3763,1.0618,0.2237,0.7824,1.4894,0.4439,0.1287,1.5032,0.9043,0.7697,1.5307,0.7212,1.416,0.6713,0.9033
137,0.9689,0.8444,1.4575,1.1282,0.8716,0.6805,0.8486,0.9583,0.9747,0.8831,1.373,1.063,0.2279,0.7778,1.4879,0.4435,0.1268,1.4993,0.9058,0.7713,1.5281,0.7218,1.4147,0.6668,0.9017
138,0.9615,0.8506,1.4537,1.1263,0.8795,0.6751,0.8456,0.9651,0.9792,0.8844,1.368,1.0663,0.2357,0.7721,1.4831,0.4443,0.1277,1.4928,0.9104,0.7754,1.5223,0.7245,1.41,0.6586,0.9024
139,0.9568,0.8524,1.4502,1.1251,0.8827,0.6708,0.8439,0.9671,0.9798,0.8845,1.3648,1.0677,0.2399,0.7675,1.4818,0.444,0.1262,1.4889,0.9118,0.7771,1.5197,0.7251,1.4088,0.6541,0.9008
140,0.9523,0.856,1.4488,1.1258,0.8878,0.6666,0.8437,0.9715,0.9837,0.8836,1.3629,1.0717,0.2446,0.7638,1.48,0.4428,0.1265,1.4858,0.9164,0.7815,1.5173,0.7253,1.4071,0.6485,0.9024
141,0.9477,0.8578,1.4453,1.1247,0.8911,0.6623,0.842,0.9736,0.9844,0.8837,1.3597,1.073,0.2488,0.7592,1.4786,0.4426,0.1253,1.4819,0.918,0.7832,1.5147,0.726,1.4058,0.6439,0.9009
142,0.9432,0.8615,1.444,1.1254,0.8962,0.6581,0.842,0.978,0.9884,0.8829,1.3579,1.0771,0.2536,0.7556,1.4769,0.4415,0.1261,1.4787,0.9226,0.7878,1.5123,0.7263,1.4042,0.6383,0.9026
143,0.8338,0.9188,1.2166,0.8904,0.9563,0.6797,0.6149,0.9892,0.8478,1.0871,1.1317,0.8854,0.4367,0.6775,1.3663,0.6577,0.2889,1.2945,0.7533,0.6214,1.3487,0.9188,1.2988,0.649,0.6853
144,0.9979,0.9135,1.4277,0.983,0.8896,0.8103,0.7201,0.9875,0.9348,1.0543,1.2974,0.907,0.3029,0.8588,1.3749,0.6194,0.2802,1.4561,0.7861,0.6264,1.435,0.8819,1.3004,0.7489,0.8615
145,0.9689,0.8535,1.4309,1.0728,0.8671,0.7128,0.7983,0.9531,0.9418,0.9391,1.3376,1.0023,0.2426,0.7899,1.4543,0.5016,0.1622,1.4766,0.8524,0.7128,1.4952,0.7718,1.3809,0.6887,0.8669
146,0.9967,0.7741,1.4586,1.1621,0.8137,0.6683,0.8876,0.8926,0.9287,0.838,1.4043,1.0661,0.1915,0.773,1.5537,0.4043,0.0768,1.5358,0.8881,0.7679,1.5836,0.6676,1.4808,0.6983,0.8757
147,1.0334,0.7012,1.4923,1.2555,0.7722,0.6357,0.9816,0.8411,0.9279,0.736,1.4758,1.1384,0.1954,0.7681,1.6555,0.3104,0.0892,1.5996,0.9362,0.8352,1.6749,0.562,1.5833,0.7222,0.8968
148,1.0832,0.6385,1.5376,1.3552,0.7439,0.6228,1.0823,0.8018,0.9431,0.6324,1.5559,1.2195,0.2511,0.782,1.7607,0.2261,0.1866,1.6718,0.9973,0.9138,1.7715,0.4541,1.6888,0.7629,0.9347
149,1.1382,0.5897,1.5847,1.4526,0.7316,0.6268,1.181,0.7754,0.9673,0.5357,1.6353,1.3016,0.3348,0.8072,1.864,0.1778,0.2906,1.7443,1.0631,0.9952,1.8663,0.352,1.7927,0.8146,0.9791
150,1.2008,0.5573,1.638,1.5497,0.7332,0.6507,1.2796,0.7626,1.0015,0.4464,1.7174,1.3849,0.4265,0.8469,1.9661,0.1882,0.395,1.8201,1.1332,1.079,1.9614,0.2565,1.8951,0.8768,1.0325
151,1.2726,0.5466,1.7007,1.6535,0.7529,0.6923,1.3847,0.7676,1.0506,0.3603,1.8068,1.4769,0.5282,0.9005,2.0729,0.2497,0.505,1.903,1.2143,1.1721,2.0621,0.1686,2.0023,0.9495,1.0989
152,1.3462,0.5562,1.7635,1.7545,0.7869,0.7449,1.487,0.7862,1.1047,0.2956,1.8943,1.5681,0.6314,0.96,2.1776,0.3368,0.6126,1.9848,1.2964,1.2648,2.1605,0.1292,2.1074,1.0265,1.1675
153,1.4277,0.5884,1.8353,1.8599,0.835,0.8121,1.5937,0.8213,1.1704,0.2581,1.988,1.6646,0.7379,1.0315,2.2852,0.4348,0.7232,2.0729,1.3855,1.3631,2.2631,0.1672,2.2153,1.1113,1.2464
154,1.4732,0.8262,1.9335,2.0324,1.0808,0.8417,1.7533,1.0575,1.3907,0.2163,2.0995,1.8899,0.9384,1.0841,2.4028,0.5653,0.8941,2.1444,1.6171,1.5888,2.3659,0.3417,2.3357,1.1514,1.424
155,1.7261,0.7804,2.1078,2.2007,1.0316,1.0933,1.9383,0.9973,1.4177,0.3946,2.3095,1.9748,1.0689,1.3161,2.6277,0.7635,1.0714,2.3822,1.6798,1.6781,2.6006,0.4626,2.558,1.4163,1.5337
156,1.7267,0.7586,2.0989,2.1909,1.0118,1.0947,1.9306,0.9742,1.3973,0.406,2.3035,1.959,1.0617,1.3144,2.6263,0.7638,1.0659,2.3801,1.6624,1.6633,2.5984,0.4612,2.5565,1.4198,1.5187
157,1.7285,0.7417,2.0921,2.1842,0.9968,1.0971,1.9257,0.956,1.3813,0.418,2.2996,1.9472,1.0578,1.3141,2.6268,0.7664,1.0632,2.3793,1.6493,1.6524,2.5981,0.4629,2.557,1.4242,1.5071
158,1.7299,0.7205,2.0837,2.1749,0.9775,1.0996,1.9186,0.9332,1.3613,0.4317,2.2941,1.9318,1.0518,1.3134,2.6259,0.7683,1.0589,2.3777,1.6323,1.6381,2.5964,0.4642,2.556,1.4285,1.4926
159,1.7356,0.7052,2.0805,2.1714,0.9636,1.1064,1.917,0.916,1.3473,0.4474,2.2938,1.9224,1.051,1.3172,2.6297,0.7748,1.0599,2.3807,1.6214,1.6297,2.5995,0.4703,2.5597,1.4369,1.4841
160,1.7376,0.6867,2.074,2.1634,0.9464,1.1098,1.9111,0.8959,1.33,0.4605,2.2895,1.9088,1.046,1.3177,2.6289,0.7774,1.0567,2.3799,1.6065,1.6171,2.5983,0.473,2.5589,1.4414,1.472
161,1.7406,0.6691,2.0668,2.1568,0.9312,1.1143,1.9067,0.8762,1.3125,0.4779,2.2858,1.8965,1.0442,1.3187,2.6305,0.7836,1.0561,2.3797,1.5927,1.6061,2.5988,0.4803,2.5605,1.4478,1.4598
162,1.7467,0.6525,2.064,2.1521,0.9152,1.1221,1.9041,0.8572,1.2974,0.4945,2.2852,1.8854,1.0424,1.3234,2.633,0.7901,1.0566,2.3827,1.5801,1.5961,2.6011,0.4875,2.5629,1.4563,1.4509
163,1.7504,0.6358,2.0573,2.146,0.9008,1.1276,1.9003,0.838,1.2804,0.5131,2.282,1.8736,1.0418,1.3253,2.6351,0.7977,1.0572,2.383,1.5668,1.5857,2.602,0.4969,2.565,1.4635,1.4393
164,1.7537,0.6188,2.0519,2.139,0.8849,1.1329,1.8955,0.8187,1.2639,0.5287,2.2786,1.8608,1.0389,1.3274,2.6352,0.803,1.056,2.3831,1.5528,1.5742,2.6017,0.5039,2.565,1.4695,1.4284
165,1.7611,0.6062,2.0501,2.1368,0.8732,1.1422,1.8956,0.803,1.2514,0.5475,2.2797,1.8528,1.0412,1.3336,2.6401,0.8131,1.0601,2.3875,1.5434,1.5675,2.606,0.5158,2.5699,1.4797,1.4217
166,1.7653,0.5885,2.044,2.1297,0.8569,1.149,1.891,0.7821,1.2333,0.5668,2.2763,1.8393,1.0398,1.3366,2.6411,0.821,1.0604,2.3879,1.5285,1.5555,2.6063,0.5264,2.5709,1.4873,1.4099
167,1.7699,0.5756,2.0396,2.1252,0.8453,1.1558,1.8887,0.7661,1.2194,0.5844,2.2747,1.8296,1.0409,1.3401,2.6436,0.8296,1.0626,2.3893,1.5176,1.5473,2.6079,0.5376,2.5734,1.4949,1.4011
168,1.7785,0.5635,2.0375,2.1233,0.834,1.167,1.8894,0.7496,1.2058,0.6069,2.276,1.8212,1.0454,1.3476,2.6496,0.843,1.0688,2.3942,1.5078,1.5407,2.613,0.5538,2.5794,1.5071,1.3941
169,1.7833,0.5492,2.0334,2.1175,0.8202,1.1745,1.886,0.7316,1.1905,0.6246,2.2739,1.8096,1.045,1.3518,2.6507,0.8512,1.0702,2.3955,1.495,1.5306,2.6138,0.5649,2.5805,1.5147,1.3848
170,1.7888,0.5383,2.0297,2.1138,0.8099,1.1825,1.8845,0.7166,1.1774,0.643,2.2729,1.8006,1.0476,1.3564,2.6538,0.8613,1.0738,2.3976,1.485,1.5232,2.616,0.578,2.5836,1.5232,1.377
171,1.7974,0.527,2.0293,2.1113,0.7978,1.194,1.8846,0.7005,1.1649,0.663,2.2745,1.7916,1.0505,1.3647,2.6581,0.873,1.079,2.4026,1.4749,1.5159,2.6202,0.5925,2.5879,1.5346,1.3712
172,1.8034,0.5175,2.0261,2.108,0.7885,1.2026,1.8836,0.6863,1.1523,0.6818,2.2739,1.7831,1.054,1.37,2.6615,0.884,1.0835,2.4051,1.4653,1.5092,2.6228,0.6066,2.5913,1.5436,1.3641
173,1.8098,0.5052,2.022,2.1028,0.776,1.2126,1.8813,0.6681,1.1364,0.7035,2.2724,1.7715,1.0567,1.376,2.6641,0.896,1.0878,2.4073,1.4526,1.4996,2.6246,0.6226,2.5939,1.5536,1.3549
174,1.8163,0.4974,2.0193,2.1,0.7679,1.2219,1.8809,0.6548,1.1244,0.7227,2.2723,1.7635,1.0611,1.382,2.6679,0.9079,1.0932,2.4102,1.4436,1.4935,2.6276,0.6377,2.5977,1.5632,1.3484
175,1.8267,0.4892,2.0191,2.0983,0.7577,1.236,1.8822,0.6391,1.1116,0.7465,2.2746,1.7547,1.0672,1.3922,2.6738,0.9235,1.1014,2.4163,1.4338,1.487,2.6331,0.6568,2.6036,1.577,1.343
176,1.8337,0.4833,2.0169,2.096,0.7507,1.246,1.8824,0.6268,1.1003,0.766,2.275,1.7473,1.0726,1.3989,2.6779,0.9361,1.1077,2.4196,1.4254,1.4815,2.6364,0.6727,2.6079,1.5871,1.3373
177,1.8407,0.4756,2.0149,2.0921,0.7411,1.2565,1.8812,0.6123,1.0875,0.7855,2.2747,1.7376,1.0763,1.406,2.6806,0.948,1.1129,2.4226,1.415,1.4739,2.6388,0.6882,2.6106,1.597,1.3308
178,1.8522,0.4737,2.0157,2.093,0.7364,1.2715,1.8851,0.6015,1.0778,0.8098,2.2787,1.7322,1.0862,1.4173,2.6888,0.9659,1.1241,2.4299,1.4087,1.471,2.6461,0.7094,2.6188,1.6121,1.3279
179,1.8599,0.4709,2.0143,2.0914,0.7313,1.2824,1.8861,0.591,1.0676,0.8297,2.2797,1.7255,1.0928,1.425,2.6936,0.9795,1.1317,2.4339,1.4013,1.4665,2.6501,0.7262,2.6236,1.623,1.3233
180,1.8686,0.4667,2.0124,2.0883,0.7238,1.2952,1.886,0.5775,1.0546,0.8527,2.2801,1.7161,1.0994,1.4338,2.6977,0.9948,1.1396,2.4378,1.3911,1.4597,2.6535,0.7455,2.6278,1.6351,1.3171
181,1.88,0.4684,2.0148,2.0902,0.7213,1.3098,1.8906,0.5702,1.0477,0.8743,2.2849,1.7123,1.1092,1.4454,2.7057,1.0115,1.1507,2.4455,1.3867,1.4583,2.661,0.7648,2.6358,1.6495,1.3164
182,1.8883,0.4664,2.0141,2.0876,0.7151,1.3218,1.8909,0.559,1.037,0.8945,2.2859,1.7041,1.1152,1.4541,2.7093,1.0252,1.1581,2.4497,1.378,1.4525,2.6643,0.7819,2.6395,1.6607,1.3119
183,1.8979,0.4686,2.0131,2.087,0.7132,1.3353,1.8933,0.5508,1.0271,0.9178,2.2878,1.6979,1.1252,1.4639,2.7157,1.0423,1.1687,2.4548,1.3713,1.4492,2.6696,0.8026,2.646,1.674,1.308
184,1.9099,0.4713,2.0163,2.088,0.7097,1.3509,1.8972,0.5433,1.0198,0.9397,2.2926,1.6927,1.1344,1.4765,2.7226,1.059,1.1797,2.4627,1.3657,1.4466,2.6765,0.822,2.653,1.6887,1.3075
185,1.92,0.476,2.0159,2.0879,0.7096,1.365,1.9003,0.5371,1.011,0.9632,2.295,1.6873,1.1452,1.4869,2.7294,1.0767,1.1911,2.4682,1.3598,1.4441,2.6822,0.8432,2.6599,1.7025,1.3046
186,1.9292,0.4787,2.0163,2.0865,0.7064,1.3782,1.9017,0.5295,1.002,0.9839,2.2969,1.6802,1.1529,1.4969,2.7339,1.0916,1.2001,2.4732,1.3525,1.4397,2.6863,0.8613,2.6644,1.7146,1.3018
187,1.942,0.4869,2.0203,2.0899,0.7083,1.3942,1.9079,0.5276,0.998,1.0057,2.3031,1.6783,1.1651,1.5101,2.7429,1.1097,1.2133,2.4821,1.3504,1.4406,2.6949,0.8816,2.6735,1.7302,1.3035
188,1.9528,0.4931,2.0208,2.0891,0.7076,1.4095,1.9105,0.5219,0.9891,1.0297,2.3056,1.6715,1.1754,1.5217,2.7488,1.1276,1.2247,2.488,1.3435,1.437,2.7001,0.9031,2.6795,1.7444,1.301
189,1.9627,0.5008,2.022,2.09,0.7097,1.423,1.9142,0.5199,0.9832,1.0503,2.3089,1.6677,1.186,1.5322,2.7552,1.1439,1.2359,2.4939,1.3396,1.436,2.7059,0.922,2.6861,1.7574,1.3003
190,1.9772,0.5134,2.0265,2.0944,0.715,1.4414,1.9218,0.5213,0.9799,1.0754,2.316,1.6664,1.2011,1.5474,2.7659,1.165,1.2518,2.5039,1.3384,1.4382,2.7158,0.9457,2.6969,1.7753,1.3029
191,1.8495,0.3097,1.9396,1.9158,0.4883,1.3312,1.7405,0.317,0.8415,0.9822,2.1758,1.4783,0.9943,1.4391,2.5687,1.0075,1.0669,2.3716,1.1537,1.2381,2.5436,0.8188,2.4979,1.6318,1.1776
192,2.0051,0.47,2.0434,2.0163,0.5706,1.4998,1.8605,0.4024,0.8965,1.1476,2.2953,1.5364,1.1447,1.5962,2.6994,1.1813,1.2274,2.5064,1.2141,1.3191,2.6754,0.9898,2.6287,1.8,1.2733
193,2.0202,0.4753,2.0599,2.0077,0.5428,1.5211,1.8553,0.3919,0.8928,1.1662,2.301,1.5152,1.1374,1.6169,2.6901,1.1901,1.2292,2.5166,1.1956,1.3003,2.6741,1.0039,2.6189,1.8125,1.2805
194,1.9883,0.438,2.0371,1.9644,0.4893,1.4946,1.8116,0.3472,0.8612,1.1466,2.2659,1.4702,1.0905,1.5902,2.6421,1.1554,1.1871,2.483,1.1517,1.2526,2.6315,0.9779,2.5706,1.7779,1.2507
195,1.9599,0.4067,2.0182,1.926,0.4399,1.4713,1.7725,0.3094,0.8356,1.129,2.2352,1.4306,1.0475,1.567,2.5985,1.1239,1.1489,2.4533,1.1132,1.2101,2.5933,0.9547,2.5267,1.7466,1.226
196,1.9343,0.3821,2.0007,1.8872,0.3906,1.4521,1.7337,0.2754,0.8108,1.1178,2.2052,1.3894,1.0067,1.5473,2.5552,1.097,1.1136,2.425,1.0736,1.1667,2.5557,0.9376,2.4831,1.7185,1.2026
197,1.9077,0.3598,1.984,1.8499,0.3415,1.4315,1.6958,0.247,0.7899,1.1043,2.1759,1.351,0.9651,1.5267,2.5121,1.0685,1.0774,2.3967,1.0371,1.1254,2.5183,0.9188,2.4396,1.6891,1.181
198,1.8829,0.3451,1.9693,1.8121,0.2907,1.4139,1.6578,0.2268,0.7715,1.0946,2.1473,1.3117,0.9239,1.5087,2.4682,1.0424,1.0426,2.3694,1.0002,1.0832,2.4808,0.9038,2.3953,1.6614,1.1616
199,1.8595,0.3371,1.9544,1.7761,0.2445,1.3979,1.6217,0.2154,0.7547,1.0882,2.1197,1.2744,0.8864,1.492,2.4267,1.0199,1.0109,2.343,0.9654,1.0434,2.445,0.8928,2.3535,1.6358,1.1431
200,1.7403,0.3414,1.7724,1.6112,0.2974,1.3233,1.4724,0.1134,0.5484,1.1528,1.95,1.1111,0.8544,1.3827,2.3106,1.0224,0.948,2.1882,0.7917,0.8926,2.3028,0.945,2.2404,1.5562,0.9543
201,1.6796,0.3241,1.7757,1.5441,0.1667,1.2688,1.3927,0.1827,0.5849,1.0862,1.9048,1.054,0.7211,1.3403,2.2018,0.9236,0.8406,2.1368,0.7453,0.8123,2.2198,0.8706,2.1294,1.4719,0.9557
202,1.7951,0.2982,1.9896,1.7801,0.1919,1.3079,1.5971,0.3273,0.864,0.9163,2.1163,1.3242,0.7529,1.434,2.3585,0.8607,0.899,2.3156,1.0271,1.0625,2.4003,0.7227,2.2828,1.5303,1.1952
203,1.9088,0.3491,2.0418,1.8806,0.3035,1.4154,1.7123,0.3102,0.8735,1.0229,2.2101,1.3957,0.9157,1.5308,2.502,1.0056,1.0448,2.4191,1.0882,1.1543,2.5264,0.8419,2.4276,1.6641,1.2424
204,2.034,0.4677,2.1102,1.9958,0.4615,1.5373,1.8412,0.3872,0.9209,1.1467,2.317,1.4892,1.0858,1.6428,2.6534,1.161,1.2017,2.5339,1.1772,1.2685,2.662,0.979,2.5804,1.8076,1.3149
205,1.9321,0.4074,1.9593,1.8896,0.4653,1.4548,1.7424,0.2821,0.7751,1.1595,2.1907,1.3961,1.0585,1.5381,2.5833,1.1395,1.1468,2.4135,1.0755,1.1831,2.5646,0.9819,2.5128,1.7351,1.1699
206,1.9072,0.4272,1.9016,1.8798,0.5354,1.4345,1.7358,0.3021,0.7385,1.1817,2.1589,1.4003,1.0927,1.5066,2.5934,1.1608,1.1607,2.3816,1.0758,1.1938,2.5548,1.0071,2.5247,1.7282,1.1257
207,1.8327,0.3909,1.8193,1.8091,0.5253,1.3698,1.6646,0.2596,0.6658,1.162,2.0792,1.344,1.0484,1.4337,2.5288,1.1198,1.1044,2.302,1.0173,1.1362,2.4814,0.9824,2.4611,1.6632,1.0448
208,1.7323,0.3959,1.6999,1.6179,0.4484,1.3234,1.4888,0.1836,0.481,1.2105,1.9239,1.1328,0.9462,1.363,2.3562,1.0883,1.0059,2.1657,0.8072,0.9333,2.3161,1.0092,2.2891,1.5794,0.8952
209,1.7648,0.451,1.7021,1.6399,0.507,1.3625,1.5192,0.2445,0.4812,1.262,1.9414,1.1494,1.0055,1.3945,2.3943,1.1449,1.0595,2.1876,0.8255,0.9629,2.346,1.0636,2.3282,1.6234,0.9036
210,1.8029,0.5108,1.7093,1.6691,0.5707,1.4067,1.5568,0.3099,0.4938,1.3167,1.965,1.1743,1.0703,1.4314,2.439,1.206,1.119,2.2152,0.8535,1.0013,2.3823,1.1215,2.3739,1.6729,0.92
211,1.8406,0.5727,1.7165,1.6961,0.6341,1.4518,1.5924,0.3756,0.5109,1.3735,1.9871,1.1977,1.1334,1.469,2.4808,1.2671,1.1773,2.2414,0.8811,1.0383,2.4161,1.1809,2.4167,1.7219,0.9377
212,1.882,0.6354,1.7289,1.7296,0.6992,1.4994,1.6339,0.4421,0.5399,1.4303,2.0147,1.2291,1.1989,1.51,2.5276,1.3294,1.2385,2.2723,0.9173,1.0825,2.4551,1.2407,2.4645,1.7737,0.963
213,1.6769,0.5283,1.5617,1.5282,0.6016,1.3155,1.4199,0.346,0.3445,1.317,1.8147,1.0588,1.0114,1.3185,2.313,1.1631,1.0379,2.0693,0.7367,0.8891,2.2416,1.1162,2.2499,1.5695,0.7687
214,1.6797,0.4773,1.5989,1.5304,0.5311,1.3074,1.4152,0.2824,0.3661,1.2772,1.8318,1.0507,0.9639,1.3221,2.2983,1.1234,1.0042,2.0839,0.7258,0.8685,2.2415,1.0733,2.2335,1.5554,0.7946
215,1.6029,0.4424,1.5802,1.4187,0.4272,1.2471,1.2956,0.2591,0.336,1.2256,1.7558,0.9312,0.8231,1.2677,2.1597,1.0286,0.8822,2.0089,0.6043,0.7252,2.1288,1.0108,2.0928,1.4605,0.7549
216,1.4942,0.4221,1.5067,1.337,0.4304,1.1443,1.1987,0.2947,0.3154,1.1621,1.6646,0.8876,0.7259,1.1646,2.0611,0.9371,0.7728,1.9099,0.56,0.658,2.0289,0.9451,1.9941,1.3481,0.6815
217,1.3204,0.6125,1.3656,1.0798,0.5774,1.0622,0.9395,0.5435,0.3428,1.2179,1.4433,0.6715,0.6167,1.0529,1.797,0.9034,0.6438,1.6975,0.3641,0.4114,1.7747,0.9998,1.7306,1.1927,0.5554
218,1.213,0.5526,1.2719,1.1199,0.6223,0.9143,0.9507,0.5313,0.3442,1.1145,1.4007,0.8064,0.6043,0.906,1.8256,0.8131,0.5745,1.6314,0.5098,0.55,1.7665,0.9051,1.7613,1.0897,0.4702
219,1.0413,0.6908,1.1601,0.9816,0.7608,0.8001,0.7854,0.7048,0.4796,1.1219,1.2399,0.7787,0.5568,0.7704,1.6565,0.7698,0.4725,1.4594,0.5356,0.5168,1.5891,0.9236,1.5934,0.9295,0.4186
220,1.0387,0.6972,1.0919,1.0151,0.8054,0.7937,0.8311,0.7051,0.4319,1.1486,1.2294,0.8251,0.6543,0.7438,1.7214,0.822,0.5515,1.4501,0.5734,0.5892,1.6221,0.9559,1.6615,0.9592,0.332
221,1.0512,0.7235,1.0315,1.0606,0.8642,0.807,0.8909,0.7245,0.4102,1.1888,1.2302,0.8838,0.76,0.7372,1.7931,0.8898,0.6453,1.4509,0.6299,0.6743,1.6638,1.0035,1.7365,1.0046,0.2669
222,1.3336,0.5518,1.2557,1.3011,0.7125,1.0021,1.1584,0.4975,0.2678,1.188,1.5102,0.9793,0.8525,0.9772,2.0626,0.9712,0.8029,1.7412,0.6703,0.7779,1.9526,0.9938,2.003,1.2543,0.4723
223,1.1507,0.6422,1.1122,1.1609,0.8,0.8597,0.9989,0.6322,0.3494,1.1658,1.3396,0.9289,0.7821,0.8114,1.9011,0.8997,0.6897,1.5607,0.6486,0.7176,1.7779,0.9771,1.8432,1.088,0.3375
224,1.1441,0.7972,1.0751,0.9268,0.8491,0.9777,0.7998,0.7468,0.3243,1.3322,1.2044,0.6644,0.7771,0.8974,1.7124,1.0019,0.7085,1.4682,0.4138,0.4754,1.6126,1.1315,1.6548,1.1083,0.2635
225,1.1802,0.6965,1.1498,1.0145,0.7583,0.9572,0.8728,0.6502,0.286,1.2531,1.2904,0.7211,0.7229,0.9029,1.7752,0.9386,0.6676,1.5421,0.4408,0.5052,1.6884,1.0492,1.7152,1.1128,0.3312
226,1.2254,0.5972,1.2275,1.1047,0.6714,0.9495,0.9519,0.5551,0.2772,1.1801,1.3788,0.7859,0.6826,0.9214,1.8431,0.8854,0.6435,1.6198,0.4866,0.5524,1.7679,0.9732,1.7809,1.129,0.4113
227,1.2796,0.4949,1.3114,1.1994,0.5856,0.9537,1.0377,0.4586,0.3033,1.1101,1.472,0.8592,0.6552,0.9523,1.9164,0.8405,0.6353,1.7031,0.5482,0.6139,1.8525,0.9004,1.8522,1.1557,0.5016
228,1.4381,0.4764,1.4341,1.2701,0.4976,1.1121,1.1347,0.3662,0.2577,1.1867,1.5916,0.838,0.7243,1.1172,2.0071,0.9415,0.7526,1.8404,0.5104,0.6112,1.9642,0.9706,1.9415,1.3083,0.6074
229,1.2316,0.539,1.2313,1.202,0.6756,0.9088,1.0392,0.5168,0.3063,1.1216,1.4293,0.9065,0.7167,0.891,1.931,0.8613,0.6621,1.6545,0.6047,0.6764,1.839,0.9214,1.8696,1.1319,0.4348
230,1.3921,0.5278,1.3216,1.4832,0.7712,0.9957,1.3258,0.514,0.4544,1.125,1.6339,1.1879,0.9464,0.9931,2.2229,0.9809,0.8851,1.8383,0.8775,0.9821,2.0952,0.9513,2.1639,1.3043,0.615
231,1.351,0.5446,1.2689,1.3364,0.7195,1.0085,1.1928,0.4925,0.293,1.1826,1.5361,1.0157,0.8741,0.9867,2.0969,0.9792,0.8237,1.7638,0.7059,0.8155,1.9835,0.9912,2.0374,1.2712,0.4973
232,1.3312,0.6115,1.2381,1.1966,0.7071,1.0497,1.0712,0.5294,0.1571,1.2613,1.4522,0.8437,0.8317,1.0101,1.9779,1.0074,0.7956,1.7035,0.5348,0.6521,1.881,1.058,1.9181,1.261,0.4192
233,1.6114,0.4914,1.5204,1.4712,0.5682,1.2526,1.3549,0.322,0.3009,1.2705,1.7585,1.0151,0.9427,1.2567,2.2455,1.1003,0.9661,2.0099,0.6894,0.8322,2.1771,1.0667,2.182,1.4996,0.7178
234,1.5835,0.3117,1.5821,1.5941,0.5204,1.1445,1.4373,0.2343,0.4889,1.0701,1.8343,1.1925,0.8848,1.1902,2.3112,0.9597,0.9012,2.0503,0.8635,0.9689,2.2433,0.8785,2.2456,1.4323,0.8101
235,1.6167,0.499,1.5145,1.6151,0.6972,1.2106,1.4802,0.4046,0.4646,1.2161,1.8228,1.2242,1.0424,1.2227,2.3797,1.1093,1.0312,2.0478,0.9015,1.035,2.2766,1.0358,2.3182,1.5123,0.7753
236,1.6761,0.6906,1.4727,1.6617,0.8815,1.3063,1.55,0.5891,0.5185,1.3763,1.8355,1.2865,1.2134,1.288,2.4655,1.274,1.1823,2.0675,0.9787,1.133,2.3296,1.206,2.4081,1.616,0.7909
237,1.4865,0.5426,1.3857,1.5565,0.7816,1.0862,1.4095,0.5043,0.4762,1.1743,1.7144,1.2328,1.0199,1.0857,2.3109,1.0549,0.9718,1.9244,0.9184,1.0376,2.1834,1.0031,2.2519,1.4004,0.6839
238,1.4606,0.7939,1.2073,1.4803,0.9981,1.1565,1.3697,0.73,0.4716,1.394,1.5941,1.2016,1.1807,1.0934,2.2892,1.2378,1.1016,1.8208,0.9188,1.0589,2.1153,1.2273,2.237,1.4521,0.578
239,1.3205,0.7185,1.1416,1.3697,0.9264,1.0117,1.2372,0.6823,0.4152,1.2827,1.4878,1.1208,1.0367,0.9523,2.1508,1.0964,0.9461,1.7066,0.8365,0.9526,1.9873,1.1116,2.0971,1.297,0.4659
240,1.5663,0.7258,1.3309,1.446,0.8592,1.2665,1.3553,0.6007,0.3098,1.4303,1.6545,1.0653,1.1313,1.2177,2.2755,1.2549,1.0969,1.9107,0.769,0.9333,2.1428,1.2421,2.2196,1.5301,0.6042
241,1.5046,0.7652,1.252,1.365,0.8907,1.2354,1.2798,0.6477,0.2674,1.4499,1.5698,1.0048,1.1154,1.1712,2.2023,1.2506,1.0702,1.8309,0.7181,0.8811,2.0623,1.26,2.1478,1.4844,0.5229
242,1.4457,0.8124,1.1745,1.2849,0.9297,1.2101,1.2061,0.7028,0.2505,1.4745,1.4856,0.9487,1.1064,1.1297,2.1302,1.2525,1.0503,1.7519,0.675,0.835,1.9826,1.2838,2.0773,1.4427,0.4445
243,1.3899,0.8662,1.0987,1.2061,0.9751,1.1908,1.1345,0.7642,0.2641,1.504,1.4019,0.8978,1.1044,1.0939,2.0595,1.2608,1.0377,1.6739,0.6414,0.7962,1.9035,1.3132,2.0082,1.4054,0.3708
244,1.3378,0.9254,1.0249,1.1287,1.0263,1.1779,1.0655,0.8306,0.3041,1.5381,1.3189,0.8532,1.1096,1.0642,1.9901,1.2751,1.0325,1.597,0.6187,0.7658,1.8254,1.3478,1.9408,1.3727,0.3052
245,1.4387,0.9884,1.1553,1.0044,0.9901,1.3247,0.9882,0.8566,0.2964,1.6457,1.3313,0.5983,1.0923,1.2189,1.891,1.3442,1.0607,1.6458,0.3858,0.5679,1.7782,1.4382,1.8393,1.4562,0.4293
246,1.3666,1.1452,0.9823,0.9206,1.1759,1.3298,0.9331,1.0334,0.4641,1.7506,1.1847,0.651,1.2046,1.1851,1.8338,1.4361,1.1374,1.508,0.5224,0.6678,1.6738,1.5524,1.7893,1.4441,0.3811
247,1.3432,1.1942,1.0519,0.7347,1.1696,1.3534,0.7742,1.0862,0.5533,1.7728,1.1165,0.4237,1.135,1.2158,1.6483,1.4195,1.0878,1.4557,0.3845,0.4917,1.5338,1.5686,1.6017,1.404,0.473
248,1.3543,1.1884,1.1517,0.6757,1.1263,1.3651,0.714,1.0832,0.5997,1.7531,1.1393,0.2729,1.0656,1.2449,1.5627,1.3837,1.0411,1.4763,0.2939,0.3631,1.494,1.5451,1.512,1.3846,0.5602
249,1.297,1.1964,1.0715,0.6488,1.1569,1.3228,0.6822,1.0998,0.5981,1.7451,1.0758,0.3448,1.0746,1.1909,1.5491,1.3753,1.0316,1.4126,0.3482,0.4102,1.456,1.541,1.5005,1.3455,0.5012
250,1.2423,1.2098,0.9913,0.631,1.1922,1.2842,0.6588,1.1219,0.6072,1.7408,1.0146,0.4198,1.0895,1.14,1.5395,1.3717,1.0284,1.3507,0.4112,0.4665,1.4216,1.541,1.4932,1.3102,0.4489
251,1.1923,1.2294,0.9138,0.6218,1.232,1.2518,0.644,1.15,0.6278,1.7417,0.9572,0.4935,1.1104,1.0951,1.533,1.374,1.0323,1.292,0.478,0.5274,1.3906,1.5466,1.489,1.2806,0.4089
252,1.1438,1.2526,0.8338,0.624,1.2752,1.2214,0.6394,1.182,0.6561,1.7447,0.9021,0.5712,1.1361,1.0517,1.5317,1.3796,1.0413,1.2344,0.5493,0.5941,1.3639,1.5549,1.4902,1.2536,0.378
253,1.0995,1.2843,0.7541,0.6324,1.325,1.1984,0.6425,1.2222,0.6965,1.7548,0.8486,0.6482,1.1688,1.0154,1.5314,1.3926,1.0587,1.1776,0.6239,0.6641,1.3383,1.5706,1.4926,1.2326,0.3674
254,0.9124,1.3941,0.5286,0.6361,1.4756,1.1039,0.6095,1.3668,0.8745,1.7645,0.6474,0.8589,1.2333,0.8834,1.4582,1.4024,1.0799,0.9549,0.842,0.847,1.1986,1.601,1.4269,1.1157,0.4441
255,0.8005,1.3027,0.6453,0.5628,1.3734,0.9772,0.457,1.294,0.8496,1.629,0.6458,0.8008,1.0694,0.7757,1.3409,1.2477,0.9136,0.9303,0.7763,0.7406,1.1239,1.4658,1.3022,0.9583,0.429
256,0.785,1.235,0.6719,0.6138,1.3137,0.9184,0.4803,1.2318,0.8019,1.5594,0.7025,0.8036,1.0111,0.7247,1.3752,1.1819,0.8521,0.9697,0.7511,0.7171,1.1702,1.3959,1.3335,0.9191,0.3782
257,0.7744,1.1712,0.7026,0.6669,1.2586,0.8629,0.5114,1.1742,0.7612,1.4927,0.7585,0.8141,0.9572,0.678,1.4105,1.1193,0.7947,1.0096,0.7346,0.7025,1.2163,1.3289,1.3662,0.8841,0.3381
258,0.7726,1.1086,0.7373,0.723,1.2055,0.8121,0.5512,1.1178,0.7234,1.4282,0.8168,0.8294,0.9077,0.6379,1.4501,1.0601,0.7421,1.0536,0.7235,0.6946,1.266,1.2641,1.4035,0.8566,0.3061
259,0.7744,1.0464,0.7778,0.781,1.1536,0.7615,0.595,1.0631,0.6921,1.3621,0.8765,0.851,0.8586,0.6006,1.4901,0.9996,0.6895,1.0992,0.7199,0.6935,1.316,1.1978,1.4413,0.8306,0.2903
260,0.7847,0.9818,0.8251,0.843,1.1004,0.7136,0.6454,1.0069,0.6641,1.2939,0.9409,0.8772,0.8103,0.57,1.5344,0.9381,0.6383,1.1505,0.7215,0.6982,1.3707,1.1292,1.4834,0.8105,0.2898
261,0.8012,0.922,0.8716,0.9041,1.0531,0.6731,0.6983,0.9558,0.6433,1.2308,1.0031,0.9075,0.7702,0.5486,1.5801,0.8831,0.5962,1.2014,0.7303,0.7108,1.4252,1.0658,1.5274,0.7988,0.3038
262,0.821,0.8633,0.9222,0.9665,1.0079,0.6347,0.7532,0.9076,0.6316,1.1661,1.0661,0.943,0.7321,0.5331,1.626,0.8274,0.5565,1.2534,0.7466,0.7302,1.4798,1.0011,1.5715,0.7897,0.335
263,0.8473,0.8068,0.973,1.0321,0.9673,0.6028,0.8132,0.8624,0.6265,1.1033,1.1305,0.9842,0.7029,0.5264,1.6769,0.7768,0.5272,1.3076,0.7706,0.7583,1.5379,0.9387,1.621,0.7893,0.3746
264,0.7337,0.9922,0.787,1.0596,1.1829,0.5779,0.8526,1.051,0.7715,1.2204,1.0237,1.1212,0.9079,0.4146,1.6955,0.922,0.7042,1.1738,0.9383,0.9345,1.4902,1.0835,1.6482,0.7765,0.4078
265,0.7838,0.979,0.8126,0.869,1.1072,0.7033,0.6735,1.0061,0.6646,1.2892,0.9497,0.9028,0.8256,0.5562,1.5598,0.9409,0.6503,1.155,0.7417,0.7247,1.3892,1.1266,1.5095,0.8144,0.2831
266,1.0169,0.8388,0.9044,1.1018,1.0152,0.805,0.9446,0.8436,0.4988,1.2659,1.1843,0.9919,0.9127,0.6951,1.8479,0.9921,0.77,1.395,0.7592,0.8165,1.6704,1.098,1.7969,1.0282,0.2316
267,1.0892,0.7051,1.0471,1.2495,0.9232,0.7703,1.0732,0.7328,0.5064,1.1353,1.3372,1.0931,0.8697,0.713,1.9639,0.9043,0.7386,1.527,0.8271,0.8879,1.8048,0.9701,1.9093,1.0474,0.3911
268,1.1777,0.6857,1.0801,1.213,0.8664,0.8896,1.0618,0.6699,0.369,1.211,1.3568,0.9927,0.8788,0.828,1.9699,0.9695,0.778,1.5762,0.7158,0.8013,1.8244,1.0305,1.9145,1.1395,0.3377
269,1.1384,0.556,1.1977,1.333,0.7992,0.7341,1.1352,0.6192,0.5366,0.9828,1.4519,1.1386,0.7631,0.7377,2.0052,0.7728,0.652,1.628,0.853,0.9006,1.8799,0.8119,1.946,1.0317,0.5241
270,1.26,0.5861,1.1947,1.3382,0.8015,0.9072,1.178,0.5801,0.4002,1.1378,1.4842,1.0841,0.8791,0.8801,2.0777,0.9385,0.795,1.6921,0.7877,0.878,1.9435,0.9593,2.0201,1.1901,0.4724
271,1.2013,0.5849,1.1749,1.3211,0.8096,0.8382,1.1477,0.6037,0.446,1.09,1.4536,1.0952,0.8384,0.8158,2.0392,0.8828,0.7412,1.6508,0.8044,0.8785,1.905,0.9145,1.9814,1.1241,0.4687
272,1.1438,0.5919,1.1588,1.3075,0.8234,0.7692,1.1208,0.6339,0.4972,1.0445,1.4258,1.1107,0.8016,0.7523,2.0024,0.8291,0.6903,1.6115,0.8267,0.8845,1.8682,0.8729,1.9444,1.0586,0.4751
273,1.0875,0.6079,1.1465,1.2997,0.8449,0.6992,1.0998,0.6716,0.5549,1.0013,1.4018,1.1333,0.7715,0.689,1.9692,0.7784,0.6445,1.5746,0.8572,0.8991,1.8346,0.835,1.9113,0.9936,0.493
274,1.033,0.63,1.1386,1.2933,0.8694,0.6303,1.0806,0.7126,0.6127,0.9617,1.3799,1.1565,0.7444,0.6281,1.936,0.7303,0.6014,1.5395,0.8891,0.9155,1.8017,0.8014,1.878,0.9292,0.5181
275,0.9834,0.6569,1.1378,1.2954,0.8981,0.562,1.0704,0.7565,0.6743,0.9232,1.3655,1.1873,0.7246,0.5711,1.9093,0.6854,0.5658,1.5107,0.9283,0.9404,1.7754,0.7704,1.8513,0.868,0.5543
276,0.933,0.6914,1.1382,1.2964,0.9314,0.4933,1.0598,0.805,0.7358,0.8909,1.3501,1.2174,0.7093,0.5148,1.8801,0.6451,0.5343,1.4806,0.9676,0.9661,1.7469,0.7467,1.8222,0.8054,0.593
277,0.8852,0.7309,1.1428,1.3011,0.9686,0.4246,1.0536,0.8564,0.7985,0.8629,1.3381,1.2506,0.7005,0.462,1.853,0.6101,0.5104,1.4532,1.0102,0.9958,1.7207,0.7288,1.7953,0.744,0.6369
278,0.8438,0.7728,1.1545,1.3141,1.0087,0.357,1.0567,0.9091,0.8634,0.8369,1.334,1.2902,0.7001,0.4166,1.8329,0.5807,0.4974,1.4326,1.0584,1.0327,1.7015,0.7148,1.7754,0.687,0.6878
279,0.8027,0.82,1.1672,1.3259,1.0522,0.2891,1.0596,0.9648,0.9278,0.8188,1.3291,1.3288,0.7049,0.3756,1.8104,0.5588,0.4914,1.4111,1.1062,1.0696,1.6802,0.7097,1.7532,0.6292,0.739
280,0.7659,0.8715,1.184,1.3438,1.1004,0.2208,1.0696,1.0238,0.9947,0.8062,1.3291,1.3727,0.7193,0.3432,1.7927,0.5465,0.4983,1.3934,1.1589,1.1127,1.6634,0.7119,1.736,0.5749,0.7946
281,0.971,0.6347,1.3207,1.3734,0.8628,0.4417,1.1107,0.7959,0.8522,0.691,1.4628,1.2817,0.56,0.5696,1.8717,0.4245,0.394,1.5708,1.0336,1.0005,1.7883,0.5448,1.8085,0.7421,0.7699
282,1.0129,0.7433,1.3936,1.568,1.0185,0.4021,1.2991,0.9298,1.0319,0.6095,1.5833,1.5098,0.751,0.5818,2.0266,0.4856,0.5887,1.6495,1.2575,1.2328,1.919,0.5319,1.9664,0.7832,0.9357
283,1.1682,0.5617,1.3934,1.5756,0.871,0.6144,1.3368,0.7263,0.847,0.705,1.6397,1.4245,0.7778,0.7246,2.1368,0.6093,0.6595,1.7537,1.1409,1.157,2.025,0.5795,2.0755,0.9833,0.8333
284,1.0563,0.6645,1.2995,1.5161,0.9578,0.5117,1.2717,0.8198,0.8742,0.7502,1.5442,1.4174,0.7912,0.6086,2.063,0.6164,0.6383,1.6455,1.1497,1.1556,1.9337,0.6378,2.0042,0.8899,0.7935
285,0.9495,0.7696,1.2131,1.4662,1.049,0.4205,1.2172,0.9171,0.916,0.8084,1.4554,1.4211,0.8213,0.4977,1.996,0.6448,0.6394,1.5423,1.1708,1.1668,1.8485,0.7092,1.9398,0.8059,0.7718
286,1.1271,0.6962,1.3096,1.5946,1.0097,0.5956,1.361,0.8415,0.8959,0.8079,1.6014,1.4862,0.9044,0.673,2.1658,0.725,0.7588,1.7025,1.2107,1.2345,2.0184,0.7094,2.1087,0.9883,0.8256
287,1.0329,0.7108,1.3569,1.5563,0.9976,0.4445,1.297,0.8871,0.974,0.6631,1.5732,1.4822,0.7747,0.5902,2.0515,0.5431,0.6156,1.6522,1.2226,1.2111,1.9331,0.5725,1.992,0.831,0.8837
288,1.3172,0.5888,1.6435,1.787,0.8976,0.7009,1.5302,0.802,1.0623,0.4694,1.8606,1.6212,0.8143,0.8852,2.2748,0.5389,0.7373,1.9475,1.3347,1.3349,2.1978,0.3925,2.2099,1.0632,1.0941
289,1.1018,0.7465,1.5357,1.6689,1.0152,0.472,1.3918,0.9545,1.1266,0.4664,1.7015,1.5946,0.7452,0.6921,2.085,0.414,0.6122,1.7567,1.3398,1.3064,2.0038,0.4171,2.0222,0.8257,1.0655
290,1.1746,0.6218,1.5932,1.6457,0.8743,0.5652,1.3733,0.837,1.0573,0.4069,1.7372,1.5188,0.6332,0.7758,2.0768,0.3232,0.541,1.8166,1.2564,1.2225,2.0252,0.2943,2.0103,0.8792,1.0496
291,1.2972,0.5741,1.6049,1.7569,0.8878,0.6878,1.5033,0.7815,1.0249,0.5102,1.8291,1.5909,0.8092,0.8613,2.2587,0.5505,0.7261,1.9207,1.3036,1.3075,2.1756,0.4222,2.1944,1.0544,1.0531
292,1.279,0.5821,1.6121,1.7455,0.8857,0.6652,1.4874,0.7944,1.0396,0.4725,1.8208,1.5865,0.7787,0.8491,2.2312,0.5066,0.6956,1.9087,1.3032,1.2996,2.1549,0.3838,2.1664,1.0241,1.0621
293,1.2657,0.5924,1.6235,1.7377,0.8848,0.6487,1.4755,0.8088,1.0569,0.4353,1.8168,1.5848,0.7507,0.8427,2.207,0.4643,0.669,1.901,1.3057,1.2946,2.1381,0.3459,2.1416,0.9982,1.0751
294,1.2544,0.6082,1.6365,1.7333,0.8892,0.635,1.467,0.8276,1.0778,0.4002,1.815,1.5872,0.7279,0.8388,2.1856,0.4253,0.6473,1.8951,1.3123,1.2941,2.1237,0.3124,2.1197,0.9746,1.0913
295,1.2408,0.6261,1.6474,1.7255,0.8943,0.621,1.4551,0.8475,1.0976,0.3688,1.8102,1.5868,0.703,0.834,2.1601,0.3839,0.6233,1.8863,1.3169,1.2911,2.1056,0.2819,2.0938,0.9486,1.1059
296,1.2326,0.6475,1.6627,1.7234,0.9032,0.6134,1.4493,0.8702,1.1214,0.339,1.8107,1.5917,0.6846,0.835,2.1401,0.3477,0.6068,1.8825,1.3266,1.2938,2.0929,0.2561,2.0733,0.9281,1.1253
297,1.2256,0.6694,1.6788,1.7205,0.9117,0.6093,1.4429,0.8928,1.1448,0.3129,1.8113,1.5953,0.6654,0.8386,2.1188,0.3108,0.5904,1.8792,1.3353,1.2953,2.0797,0.2341,2.0516,0.9088,1.145
298,1.2207,0.6953,1.6962,1.7208,0.9248,0.6083,1.4399,0.9189,1.1712,0.2914,1.8141,1.6027,0.6522,0.8444,2.1004,0.2798,0.58,1.8776,1.3479,1.3011,2.0688,0.2215,2.0327,0.892,1.1673
299,1.2137,0.7229,1.7117,1.7179,0.9389,0.6079,1.4338,0.9458,1.1966,0.2791,1.814,1.6077,0.6378,0.8497,2.078,0.2485,0.5683,1.8733,1.3587,1.3046,2.0544,0.219,2.0099,0.8733,1.1881
300,1.2121,0.7524,1.7311,1.7205,0.9559,0.6136,1.4336,0.9747,1.2251,0.2704,1.819,1.6176,0.6306,0.8603,2.0612,0.2272,0.5647,1.8738,1.3741,1.3135,2.0454,0.2246,1.9927,0.8606,1.2129
301,1.212,0.7822,1.7514,1.7225,0.9726,0.6232,1.433,1.0033,1.2533,0.2701,1.8242,1.6263,0.6233,0.8734,2.0432,0.2103,0.5623,1.875,1.3885,1.3214,2.036,0.2376,1.9743,0.8497,1.2381
302,1.2137,0.8145,1.7727,1.7275,0.9932,0.6352,1.4356,1.0345,1.2838,0.2762,1.8314,1.6386,0.6225,0.8883,2.0281,0.2055,0.566,1.8777,1.4065,1.3332,2.0289,0.259,1.9589,0.8415,1.2652
303,1.2138,0.8484,1.7924,1.7295,1.0147,0.648,1.4354,1.0666,1.3136,0.2937,1.8359,1.6486,0.6213,0.9028,2.0091,0.2068,0.5692,1.878,1.4228,1.343,2.0185,0.2881,1.9396,0.8319,1.291
304,1.2188,0.8829,1.8154,1.7369,1.0384,0.6658,1.4409,1.0997,1.3457,0.3128,1.8453,1.6632,0.627,0.9216,1.9958,0.2212,0.5799,1.8829,1.4431,1.3576,2.0134,0.3191,1.926,0.8285,1.3201
305,1.2256,0.9177,1.8394,1.7437,1.0617,0.687,1.4462,1.1326,1.3776,0.3384,1.855,1.6767,0.6331,0.9429,1.9815,0.2416,0.5919,1.8885,1.4627,1.3714,2.008,0.3531,1.9114,0.8274,1.3495
306,1.2352,0.9571,1.8664,1.7552,1.0909,0.7115,1.4562,1.1704,1.4144,0.3676,1.8682,1.6959,0.6473,0.9673,1.9704,0.2727,0.6115,1.8968,1.488,1.3912,2.0057,0.392,1.9001,0.8297,1.3834
307,1.2643,0.9276,1.883,1.7556,1.053,0.7402,1.4593,1.1401,1.3968,0.3542,1.8846,1.6785,0.6221,0.9925,1.9802,0.2579,0.6031,1.9214,1.4681,1.3725,2.0226,0.3644,1.9089,0.8598,1.3807
308,1.1006,0.9899,1.7503,1.6761,1.1417,0.5824,1.3724,1.1987,1.3888,0.4497,1.7523,1.6631,0.6535,0.8398,1.8889,0.2748,0.565,1.7686,1.4636,1.3642,1.8991,0.4624,1.8214,0.6981,1.3131
309,1.115,0.9537,1.7564,1.5757,1.0532,0.6559,1.2763,1.1465,1.3301,0.5335,1.7129,1.5399,0.509,0.8854,1.7814,0.2259,0.461,1.7536,1.355,1.2402,1.829,0.4853,1.7101,0.7041,1.2751
310,1.1607,0.9503,1.7831,1.495,0.9902,0.7671,1.2045,1.121,1.2953,0.6548,1.6959,1.4325,0.4,0.9649,1.6919,0.304,0.418,1.7607,1.2659,1.1352,1.7795,0.5659,1.6169,0.7582,1.264
311,1.2273,0.9814,1.8241,1.4311,0.9598,0.8968,1.1548,1.1253,1.285,0.7978,1.6948,1.3414,0.3556,1.0652,1.6159,0.4441,0.4474,1.7825,1.198,1.0514,1.7445,0.6851,1.5376,0.8434,1.2768
312,1.3211,1.0439,1.886,1.3888,0.961,1.0481,1.1338,1.158,1.3007,0.9573,1.7165,1.2679,0.3983,1.1906,1.5579,0.6103,0.543,1.8264,1.1536,0.9922,1.7303,0.8299,1.4768,0.9617,1.3172
313,1.269,0.7899,1.7859,1.4321,0.7708,0.8794,1.1666,0.9336,1.1315,0.7157,1.7138,1.2654,0.2127,1.0459,1.7258,0.3623,0.3715,1.8293,1.0838,0.9627,1.827,0.5611,1.6476,0.907,1.1727
314,1.3268,0.9246,1.885,1.4722,0.8741,0.9756,1.2081,1.0614,1.2577,0.7948,1.7692,1.3246,0.3323,1.1439,1.6905,0.4708,0.4859,1.8745,1.1705,1.0319,1.8297,0.6668,1.6108,0.9513,1.2935
315,1.2037,0.8319,1.7364,1.3768,0.8204,0.8387,1.106,0.9722,1.1333,0.7495,1.6494,1.2425,0.2045,0.9979,1.6565,0.3657,0.3288,1.7601,1.0727,0.9425,1.7546,0.6008,1.5789,0.8424,1.1461
316,1.2155,0.9012,1.7655,1.3656,0.8702,0.8837,1.0961,1.0338,1.1821,0.8097,1.6503,1.2447,0.2528,1.0371,1.6094,0.4322,0.3768,1.7586,1.0931,0.9509,1.7272,0.6702,1.5309,0.8521,1.1881
317,1.2348,0.9757,1.801,1.3601,0.9268,0.9369,1.0933,1.1013,1.2377,0.8758,1.6571,1.2535,0.3174,1.0843,1.5638,0.5059,0.4381,1.7625,1.1213,0.9678,1.7032,0.7449,1.4843,0.8712,1.2377
318,1.2592,1.0515,1.8394,1.3595,0.9871,0.9942,1.0967,1.1706,1.2961,0.9444,1.6679,1.2676,0.3888,1.1356,1.5213,0.582,0.5055,1.7702,1.1546,0.9912,1.683,0.821,1.441,0.8975,1.2905
319,1.2863,1.1265,1.8793,1.3644,1.0497,1.0517,1.1062,1.2405,1.3563,1.0121,1.682,1.2877,0.4622,1.1877,1.4831,0.6564,0.5744,1.7806,1.193,1.0212,1.6666,0.8954,1.4022,0.9278,1.3452
320,1.3199,1.2039,1.9231,1.3736,1.1153,1.115,1.1215,1.3127,1.4193,1.0844,1.7005,1.3116,0.5392,1.2455,1.4475,0.735,0.6482,1.7956,1.2352,1.0561,1.654,0.9735,1.3661,0.9664,1.4035
321,1.3577,1.2818,1.9694,1.3877,1.183,1.1807,1.1425,1.386,1.4841,1.158,1.7227,1.3402,0.6176,1.3058,1.4157,0.8144,0.7238,1.8143,1.2813,1.0961,1.6454,1.0522,1.334,1.0102,1.4641
322,1.3969,1.3585,2.0164,1.4064,1.2514,1.2453,1.1685,1.4589,1.5496,1.2298,1.7475,1.3735,0.6949,1.3658,1.3887,0.8913,0.7983,1.8351,1.3307,1.1406,1.6406,1.1286,1.307,1.0558,1.5253
323,1.4419,1.4374,2.067,1.4295,1.3222,1.3146,1.1998,1.5339,1.6175,1.3054,1.7767,1.4103,0.7747,1.4304,1.3653,0.9716,0.8762,1.8606,1.3833,1.189,1.6401,1.2083,1.2839,1.1082,1.5897
324,1.4901,1.5166,2.1197,1.4568,1.3943,1.3853,1.2359,1.6096,1.6866,1.3818,1.8092,1.4508,0.855,1.4968,1.3467,1.0523,0.9549,1.8893,1.4387,1.241,1.6437,1.2882,1.2657,1.164,1.6557
325,1.3063,1.3208,1.9292,1.3407,1.2308,1.1628,1.0936,1.4239,1.4951,1.1942,1.665,1.3302,0.6431,1.2777,1.342,0.8369,0.726,1.7503,1.284,1.0932,1.5727,1.0902,1.2607,0.9678,1.4516
326,1.5314,1.2403,2.1106,1.5231,1.1067,1.2948,1.2912,1.3396,1.5027,1.1392,1.8928,1.3882,0.6375,1.4373,1.5939,0.8436,0.7995,2.001,1.3095,1.1387,1.8349,1.0299,1.5113,1.1732,1.5442
327,1.4529,1.1729,1.9948,1.3925,1.0349,1.2358,1.1658,1.2587,1.3841,1.1467,1.7791,1.2494,0.5488,1.3588,1.5168,0.8128,0.7122,1.9047,1.1755,1.0009,1.7427,1.016,1.4338,1.1159,1.4207
328,1.3841,1.1191,1.8823,1.264,0.978,1.1905,1.044,1.1888,1.27,1.1711,1.6694,1.111,0.485,1.2908,1.4491,0.8054,0.6439,1.8142,1.043,0.8638,1.6573,1.0213,1.3662,1.0741,1.3006
329,1.3267,1.0808,1.7738,1.1382,0.9388,1.1604,0.9275,1.1321,1.1616,1.2113,1.5645,0.9732,0.4567,1.235,1.3923,0.8223,0.6011,1.7302,0.9129,0.728,1.5797,1.0456,1.3103,1.0494,1.1849
330,1.2821,1.0598,1.67,1.0161,0.9195,1.1468,0.8185,1.0905,1.0607,1.2659,1.4656,0.836,0.4703,1.1932,1.3477,0.8619,0.5893,1.654,0.7863,0.5941,1.5112,1.0875,1.2674,1.0431,1.0751
331,1.254,1.0605,1.5756,0.9012,0.9239,1.1531,0.7223,1.0694,0.9742,1.3347,1.3762,0.7027,0.5244,1.1701,1.3152,0.9232,0.613,1.5883,0.669,0.4678,1.4531,1.1472,1.2374,1.0573,0.9778
332,1.1579,1.0243,1.5314,0.9192,0.9223,1.0398,0.7033,1.0579,0.9797,1.2401,1.3415,0.7831,0.4389,1.0677,1.3045,0.8187,0.5046,1.5321,0.7225,0.529,1.4247,1.0597,1.2267,0.9409,0.9515
333,1.0417,1.2648,1.5011,0.8276,1.1897,1.0553,0.5913,1.3135,1.187,1.3719,1.2109,0.8979,0.6325,1.0601,1.0485,0.936,0.6274,1.3668,0.911,0.7035,1.1971,1.2184,0.9697,0.8493,1.0637
334,1.1049,1.1916,1.5035,0.8166,1.0978,1.083,0.6005,1.2248,1.0963,1.3647,1.244,0.8004,0.5886,1.0868,1.1289,0.932,0.6107,1.4264,0.8049,0.5958,1.2695,1.1971,1.0506,0.9183,1.0089
335,1.175,1.1288,1.5135,0.8203,1.0148,1.1228,0.6296,1.1443,1.0129,1.3699,1.2845,0.7094,0.5694,1.1248,1.2125,0.945,0.6185,1.4905,0.704,0.4944,1.3453,1.1896,1.1353,0.996,0.9656
336,1.2524,1.0753,1.5326,0.8407,0.9392,1.1731,0.6783,1.0707,0.9369,1.3852,1.3342,0.6275,0.5743,1.1735,1.3015,0.9722,0.648,1.5608,0.6093,0.4022,1.4269,1.1937,1.2255,1.0809,0.9353
337,1.3336,1.0348,1.5582,0.8734,0.8761,1.2322,0.7395,1.008,0.8711,1.4116,1.3892,0.5574,0.604,1.2305,1.3916,1.0135,0.6967,1.6336,0.5243,0.3263,1.5099,1.211,1.317,1.1701,0.9184
338,1.4263,1.0047,1.5986,0.9266,0.8207,1.3034,0.8202,0.9533,0.8179,1.4471,1.4589,0.5077,0.654,1.3009,1.4912,1.0672,0.7632,1.7188,0.4551,0.2838,1.6042,1.2389,1.4179,1.2692,0.921
339,1.6109,1.0163,1.8279,1.1447,0.7694,1.4349,1.037,0.9648,0.9519,1.4458,1.6856,0.692,0.6842,1.4683,1.6286,1.1008,0.8554,1.934,0.6288,0.5009,1.7911,1.2405,1.5516,1.4073,1.1237
340,1.619,1.028,1.7829,1.0973,0.7843,1.4605,1.0127,0.9558,0.894,1.5059,1.6518,0.5986,0.7421,1.4767,1.6353,1.1583,0.8955,1.9161,0.5445,0.4303,1.7805,1.2955,1.5607,1.4409,1.0747
341,1.7087,1.1601,1.8453,1.0996,0.9055,1.5856,1.0508,1.0743,0.9826,1.6459,1.6876,0.581,0.8777,1.5903,1.6281,1.296,1.0264,1.9635,0.5953,0.4878,1.7929,1.4366,1.5553,1.5473,1.1601
342,1.7754,1.1458,1.8444,1.136,0.8858,1.6421,1.1105,1.0318,0.9175,1.6996,1.725,0.5389,0.9536,1.6371,1.7328,1.3643,1.0962,2.0178,0.537,0.4846,1.8718,1.484,1.6626,1.632,1.1374
343,1.6068,1.0449,1.7408,1.0506,0.8107,1.4655,0.9798,0.9638,0.8625,1.542,1.6121,0.532,0.7739,1.4694,1.6194,1.1891,0.9128,1.8852,0.491,0.3799,1.753,1.3297,1.5464,1.4462,1.0375
344,1.583,1.0091,1.7075,1.0401,0.7821,1.4353,0.9654,0.9262,0.8171,1.5181,1.5926,0.5145,0.7537,1.4374,1.6286,1.166,0.8875,1.8667,0.4514,0.3459,1.7494,1.3042,1.556,1.4256,0.9959
345,1.5613,0.9742,1.674,1.0312,0.7554,1.4073,0.9535,0.8887,0.7699,1.497,1.5741,0.4984,0.7381,1.407,1.6405,1.1462,0.8657,1.8496,0.4104,0.3138,1.7478,1.2815,1.5685,1.4079,0.9536
346,1.543,0.9434,1.6435,1.0248,0.7329,1.3833,0.9449,0.8549,0.7256,1.4798,1.5581,0.486,0.7276,1.3804,1.6534,1.1308,0.8487,1.835,0.3728,0.2875,1.7481,1.2629,1.582,1.394,0.9145
347,1.5258,0.909,1.6139,1.0234,0.7078,1.3583,0.9406,0.8174,0.6783,1.4601,1.5451,0.4808,0.7173,1.3534,1.6708,1.114,0.8317,1.823,0.3369,0.2679,1.7523,1.2419,1.5999,1.3807,0.8747
348,1.5076,0.8777,1.5825,1.0208,0.6878,1.3336,0.9355,0.7832,0.6312,1.4427,1.5303,0.4775,0.7101,1.3261,1.6863,1.0993,0.8165,1.8091,0.3023,0.2525,1.7545,1.2234,1.6161,1.3672,0.8341
349,1.4928,0.8507,1.5542,1.0205,0.6724,1.3129,0.9334,0.7529,0.5868,1.4291,1.518,0.4776,0.708,1.3026,1.7025,1.0889,0.8062,1.7976,0.2725,0.2454,1.7582,1.209,1.633,1.3574,0.7969
350,1.4771,0.8224,1.5245,1.0221,0.6579,1.2907,0.9328,0.7216,0.5397,1.4144,1.5058,0.4834,0.707,1.2776,1.7203,1.0779,0.796,1.7859,0.2466,0.2467,1.7629,1.1936,1.6516,1.347,0.7578
351,1.4671,0.7966,1.5004,1.0291,0.6451,1.2736,0.9383,0.692,0.4953,1.4025,1.4993,0.4946,0.7104,1.2581,1.7414,1.0708,0.7911,1.7798,0.2301,0.2592,1.7722,1.1812,1.6734,1.3418,0.7243
352,1.5784,0.943,1.5327,1.0153,0.7744,1.4299,0.9804,0.8078,0.5413,1.5816,1.5245,0.3873,0.8864,1.3926,1.7704,1.2517,0.9637,1.83,0.1779,0.2819,1.8014,1.3596,1.7058,1.4859,0.7826
353,1.6613,0.963,1.5807,1.0842,0.7859,1.5041,1.0645,0.808,0.5436,1.6354,1.5929,0.4307,0.9624,1.466,1.8545,1.3209,1.0443,1.9051,0.2373,0.374,1.8821,1.4123,1.7908,1.5735,0.8262
354,1.6563,0.9391,1.5417,1.1027,0.7852,1.4916,1.0837,0.7754,0.4742,1.6333,1.5869,0.4638,0.9871,1.4475,1.8988,1.3283,1.0562,1.901,0.2345,0.4112,1.9048,1.4104,1.8365,1.5798,0.7791
355,1.6577,0.9252,1.5087,1.1274,0.7953,1.4865,1.1097,0.7537,0.4149,1.6378,1.5866,0.5082,1.0197,1.4364,1.9454,1.343,1.0765,1.902,0.2623,0.4615,1.9314,1.4159,1.8845,1.5925,0.7419
356,1.5112,0.8563,1.4543,1.0203,0.7257,1.3413,0.9652,0.7236,0.422,1.5072,1.4862,0.443,0.8438,1.302,1.7945,1.185,0.9018,1.7854,0.1391,0.2929,1.7976,1.2858,1.7305,1.4232,0.6789
357,1.6803,1.1261,1.5474,0.9944,0.9587,1.5868,1.0228,0.9731,0.6376,1.7817,1.5304,0.3094,1.081,1.5236,1.7915,1.4473,1.1459,1.8601,0.2635,0.388,1.8137,1.56,1.732,1.6282,0.8526
358,1.6589,0.909,1.6286,1.1192,0.7106,1.4775,1.0775,0.762,0.5678,1.5693,1.6297,0.4821,0.893,1.4564,1.8536,1.2584,0.9931,1.9311,0.2792,0.3719,1.8991,1.3459,1.787,1.546,0.8599
359,1.5608,0.9632,1.5258,0.9847,0.7939,1.4236,0.9504,0.8348,0.5671,1.5856,1.5021,0.3592,0.8768,1.3849,1.7328,1.2479,0.9534,1.8073,0.1745,0.2504,1.7689,1.3644,1.668,1.4687,0.786
360,1.6441,1.021,1.682,1.0481,0.7983,1.5019,1.0083,0.9044,0.7384,1.603,1.6043,0.4348,0.8647,1.4858,1.7134,1.2634,0.9815,1.8995,0.3581,0.3295,1.8051,1.3837,1.6446,1.5172,0.956
361,1.5803,0.9481,1.5511,1.0143,0.7711,1.4322,0.9766,0.817,0.5687,1.5768,1.531,0.3875,0.8727,1.3986,1.7558,1.2442,0.956,1.8344,0.1984,0.2735,1.7959,1.3551,1.6903,1.4816,0.804
362,1.3951,0.894,1.4707,0.9149,0.7459,1.25,0.8198,0.8163,0.6043,1.427,1.4108,0.4264,0.6808,1.2274,1.5965,1.0634,0.7545,1.6883,0.2541,0.1479,1.645,1.2108,1.5278,1.2722,0.7419
363,1.5172,1.1037,1.5063,0.8487,0.9346,1.446,0.8363,0.9964,0.7084,1.6629,1.4108,0.2321,0.9058,1.3943,1.5735,1.2945,0.9731,1.7193,0.2524,0.1926,1.6309,1.4466,1.5095,1.4394,0.8338
364,1.3775,1.0625,1.4403,0.7756,0.9168,1.3118,0.715,0.9881,0.7208,1.556,1.3192,0.3057,0.7806,1.2658,1.4611,1.1693,0.835,1.6085,0.2967,0.1036,1.5209,1.3452,1.3945,1.2856,0.7831
365,1.3589,1.0769,1.4171,0.7478,0.938,1.3044,0.6895,1.0043,0.7241,1.5649,1.2919,0.2933,0.7896,1.2533,1.4409,1.1749,0.8362,1.5826,0.2994,0.1008,1.4956,1.3551,1.375,1.2742,0.7702
366,1.3402,1.0946,1.3911,0.7166,0.9631,1.2989,0.6622,1.0234,0.7283,1.5776,1.2617,0.2791,0.8034,1.2417,1.42,1.1845,0.8412,1.5545,0.3037,0.1064,1.4685,1.3689,1.355,1.2644,0.7565
367,1.3224,1.1101,1.3683,0.6888,0.9851,1.2927,0.6372,1.0407,0.7339,1.5874,1.2345,0.2717,0.8142,1.2303,1.4005,1.1915,0.8443,1.5287,0.3119,0.119,1.4436,1.3799,1.3362,1.2541,0.7454
368,1.3073,1.1312,1.3454,0.6581,1.0123,1.2916,0.6121,1.0629,0.7431,1.6036,1.206,0.2623,0.8318,1.2232,1.38,1.2049,0.854,1.5027,0.3234,0.1401,1.4173,1.3972,1.3166,1.2482,0.737
369,1.2903,1.1477,1.3231,0.6304,1.0349,1.2868,0.5878,1.0811,0.7508,1.6143,1.179,0.261,0.8442,1.2131,1.361,1.2132,0.8591,1.4772,0.3361,0.1607,1.3927,1.4091,1.2985,1.2392,0.728
370,1.2736,1.1677,1.2982,0.5995,1.0614,1.2841,0.5624,1.1024,0.7599,1.629,1.1492,0.2602,0.8616,1.2042,1.3418,1.2256,0.8684,1.4497,0.3511,0.1863,1.3663,1.4251,1.2804,1.2323,0.7188
371,1.256,1.1877,1.2744,0.5686,1.0877,1.2807,0.5363,1.1243,0.7717,1.6424,1.1193,0.2661,0.8775,1.1949,1.321,1.2366,0.8766,1.4217,0.3702,0.2138,1.3389,1.44,1.2606,1.2239,0.7121
372,1.2446,1.208,1.2548,0.5415,1.1127,1.2824,0.5165,1.1454,0.7833,1.6585,1.0944,0.27,0.8961,1.1912,1.3048,1.251,0.8889,1.3992,0.3872,0.2394,1.3166,1.4572,1.2454,1.2216,0.7085
373,1.2298,1.2294,1.231,0.511,1.1399,1.2821,0.4935,1.168,0.7957,1.6746,1.0649,0.2799,0.9157,1.1846,1.287,1.2654,0.9012,1.3723,0.4076,0.2684,1.291,1.4747,1.2289,1.217,0.7033
374,1.2152,1.248,1.2101,0.4839,1.1637,1.2806,0.4722,1.1882,0.8083,1.6874,1.0383,0.2937,0.9317,1.1778,1.2701,1.2767,0.9107,1.3475,0.4279,0.2947,1.2672,1.4889,1.213,1.2113,0.7
375,1.2016,1.2702,1.1869,0.4538,1.1914,1.2817,0.4512,1.2117,0.8227,1.7044,1.0092,0.3092,0.9526,1.1729,1.2534,1.2923,0.9248,1.3211,0.4507,0.3248,1.2422,1.5073,1.1977,1.2083,0.6974
376,1.1897,1.2943,1.1679,0.4236,1.2198,1.285,0.431,1.2371,0.8413,1.7221,0.9818,0.3274,0.9734,1.1706,1.2343,1.3084,0.9396,1.2959,0.4765,0.3552,1.2163,1.5265,1.1799,1.2061,0.7005
377,1.1786,1.3144,1.1473,0.3974,1.2446,1.2871,0.4149,1.2582,0.855,1.7378,0.9559,0.3449,0.9931,1.1673,1.2212,1.3233,0.9536,1.2726,0.498,0.3824,1.1948,1.5436,1.168,1.2049,0.6999
378,1.1653,1.3372,1.1263,0.3676,1.2724,1.2889,0.396,1.2827,0.8732,1.7542,0.9269,0.368,1.0136,1.1634,1.2038,1.3385,0.968,1.2459,0.5245,0.413,1.1691,1.5616,1.1521,1.2019,0.7026
379,1.1554,1.358,1.1065,0.3422,1.2975,1.2923,0.383,1.3043,0.8883,1.7706,0.9014,0.3881,1.0342,1.1616,1.1918,1.3544,0.9834,1.2231,0.5472,0.4406,1.1483,1.5793,1.1415,1.2021,0.7044
380,1.1462,1.3831,1.0894,0.3131,1.3264,1.2984,0.3691,1.3308,0.9097,1.7897,0.8748,0.4119,1.0569,1.1625,1.1748,1.3725,1.0011,1.1989,0.5751,0.4714,1.1235,1.6,1.1261,1.203,0.7127
381,1.137,1.4074,1.0692,0.2856,1.3551,1.3041,0.3586,1.3561,0.9288,1.8089,0.847,0.4367,1.0808,1.1625,1.1618,1.3913,1.0197,1.1741,0.6021,0.5026,1.1005,1.6208,1.1148,1.2049,0.7184
382,1.1292,1.429,1.0508,0.2623,1.3807,1.3095,0.3518,1.3785,0.9459,1.8263,0.8222,0.4596,1.1026,1.1629,1.1516,1.4084,1.0368,1.1521,0.6263,0.5305,1.0808,1.6395,1.1062,1.2073,0.7239
383,1.1196,1.4533,1.0325,0.2358,1.4092,1.3149,0.3435,1.4043,0.9673,1.8445,0.7944,0.4871,1.1253,1.1632,1.1374,1.426,1.0546,1.1268,0.6549,0.5616,1.0569,1.6593,1.0938,1.2082,0.733
384,1.1161,1.4769,1.0183,0.2146,1.4357,1.3243,0.3429,1.4284,0.987,1.8643,0.7723,0.5098,1.1489,1.1681,1.1277,1.4457,1.0745,1.1076,0.6799,0.5894,1.0383,1.6804,1.0858,1.2143,0.7435
385,1.108,1.5018,1.0012,0.1914,1.4644,1.3311,0.34,1.4547,1.0094,1.8832,0.7452,0.5382,1.1723,1.17,1.1149,1.4642,1.0934,1.083,0.7091,0.6206,1.0152,1.7009,1.0748,1.2169,0.7548
386,1.1029,1.5273,0.9841,0.1729,1.4937,1.3403,0.3431,1.4811,1.0315,1.904,0.7191,0.5661,1.198,1.1742,1.1056,1.4851,1.1148,1.0601,0.7378,0.6521,0.9946,1.7233,1.0676,1.2227,0.7667
387,1.0969,1.5496,0.9695,0.1587,1.5193,1.3471,0.3457,1.5045,1.0519,1.9211,0.6954,0.5922,1.2194,1.1769,1.096,1.5021,1.1324,1.0386,0.7639,0.68,0.9751,1.7419,1.0599,1.2261,0.7781
388,1.0961,1.5769,0.957,0.1479,1.5494,1.3601,0.3553,1.5325,1.0762,1.9443,0.6725,0.6196,1.2466,1.1856,1.0874,1.5253,1.1563,1.0188,0.7932,0.7113,0.956,1.7664,1.0534,1.2356,0.7945
389,1.0916,1.5995,0.9437,0.1432,1.5752,1.3681,0.3624,1.5562,1.0972,1.9619,0.6497,0.6461,1.2685,1.1897,1.0793,1.543,1.1747,0.9981,0.8196,0.7392,0.9374,1.7855,1.0472,1.2404,0.8076
390,1.0899,1.6259,0.9297,0.1466,1.6049,1.3798,0.3758,1.5834,1.121,1.9839,0.6258,0.6753,1.2953,1.197,1.0733,1.5653,1.1979,0.9771,0.8491,0.7709,0.9193,1.809,1.0434,1.2492,0.8233
391,1.0918,1.6538,0.9199,0.1548,1.6352,1.3947,0.3921,1.6118,1.1463,2.0078,0.6051,0.7035,1.3231,1.208,1.0671,1.5894,1.2228,0.9591,0.8788,0.8023,0.9022,1.8342,1.0396,1.2608,0.8423
392,1.0095,1.4611,1.0545,0.2077,1.4228,1.2323,0.1879,1.4374,1.0462,1.7782,0.7466,0.5964,1.0592,1.0905,0.9987,1.3484,0.978,1.0444,0.7402,0.6061,0.9398,1.6031,0.9506,1.0822,0.7897
393,1.129,1.5472,1.2181,0.247,1.4742,1.3544,0.297,1.5192,1.1553,1.8569,0.8547,0.6012,1.1044,1.2312,0.911,1.4208,1.0528,1.139,0.7969,0.6401,0.9331,1.6807,0.8593,1.1735,0.9453
394,1.1359,1.4807,1.1924,0.2614,1.408,1.3303,0.3043,1.4457,1.0724,1.8204,0.874,0.5237,1.0662,1.2074,0.9961,1.3884,1.0177,1.1704,0.7133,0.5633,1.0028,1.6389,0.9439,1.1753,0.8746
395,1.1509,1.4166,1.1715,0.3006,1.3442,1.313,0.3363,1.3734,0.9888,1.7889,0.9011,0.4473,1.0356,1.1906,1.0838,1.3626,0.9907,1.2078,0.629,0.4892,1.0766,1.6021,1.0313,1.1856,0.8058
396,1.1706,1.3548,1.1579,0.3577,1.283,1.2998,0.3844,1.3032,0.9074,1.7596,0.9357,0.3783,1.0099,1.179,1.1693,1.3402,0.9691,1.2496,0.5473,0.421,1.1508,1.5679,1.1164,1.2001,0.7422
397,1.1981,1.2964,1.15,0.4254,1.2254,1.294,0.4464,1.2352,0.8258,1.7359,0.9771,0.3161,0.9934,1.175,1.2572,1.3252,0.9571,1.2968,0.4662,0.361,1.2283,1.5395,1.2042,1.2229,0.6828
398,1.3096,1.3408,1.2984,0.4815,1.231,1.3953,0.525,1.272,0.9003,1.7856,1.0878,0.2607,1.0117,1.2946,1.2433,1.3726,1.0085,1.403,0.4845,0.3519,1.2718,1.586,1.1869,1.3065,0.8172
399,1.2194,1.1971,1.1479,0.5321,1.1302,1.2629,0.5258,1.1267,0.7076,1.6754,1.0401,0.2776,0.9473,1.1512,1.368,1.2775,0.9166,1.3588,0.3561,0.2824,1.3297,1.4739,1.3134,1.2301,0.6001
400,1.1228,1.2662,1.0684,0.4183,1.2191,1.2216,0.4057,1.2135,0.7927,1.6926,0.9184,0.3829,0.9717,1.0938,1.2636,1.2835,0.9153,1.2351,0.4786,0.3856,1.2051,1.4995,1.2117,1.1599,0.6077
401,1.0376,1.3458,1.001,0.3145,1.3155,1.1972,0.296,1.3081,0.8883,1.7228,0.8005,0.4955,1.0147,1.0534,1.1653,1.3059,0.9353,1.1152,0.6021,0.4996,1.0831,1.5388,1.1169,1.1049,0.6428
402,0.9607,1.4351,0.9444,0.231,1.4199,1.1871,0.205,1.4108,0.9937,1.7639,0.6826,0.6158,1.0737,1.0278,1.0707,1.3421,0.9739,0.9941,0.7295,0.6215,0.9591,1.5897,1.0269,1.0626,0.7013
403,0.8914,1.5257,0.9021,0.2078,1.5241,1.1852,0.1678,1.5138,1.1014,1.8076,0.5705,0.7394,1.1391,1.0127,0.9848,1.3837,1.0218,0.8749,0.8558,0.7438,0.8379,1.6436,0.9465,1.0291,0.7739
404,0.8408,1.6224,0.8778,0.2519,1.6321,1.2009,0.2179,1.6206,1.2125,1.862,0.4683,0.8614,1.2163,1.0175,0.9095,1.4384,1.0851,0.7616,0.9809,0.8663,0.7206,1.708,0.8782,1.0153,0.8598
405,0.8075,1.7261,0.8712,0.3415,1.7458,1.2315,0.3171,1.7333,1.3293,1.9259,0.3783,0.9871,1.3043,1.0396,0.8453,1.5045,1.1618,0.6507,1.1093,0.9929,0.6039,1.7819,0.8228,1.0188,0.9574
406,0.9528,1.9306,1.0913,0.4401,1.9247,1.4176,0.4769,1.9401,1.5544,2.0929,0.5054,1.1192,1.4502,1.2435,0.612,1.6629,1.3258,0.6959,1.2868,1.1485,0.3996,1.9551,0.6025,1.1468,1.2071
407,1.0549,2.0367,0.9475,0.4848,2.0478,1.5423,0.6271,2.0266,1.5785,2.2612,0.3724,1.1675,1.6348,1.331,0.8515,1.8417,1.4983,0.6462,1.3431,1.2456,0.5186,2.1174,0.8594,1.3226,1.2046
408,1.1067,2.0559,1.0073,0.4688,2.0557,1.585,0.6344,2.0416,1.5943,2.2892,0.4398,1.151,1.6464,1.3792,0.8226,1.8658,1.5184,0.7076,1.3411,1.2401,0.5222,2.1425,0.8311,1.3602,1.234
409,0.9696,2.0581,0.9198,0.5744,2.0859,1.4929,0.6569,2.0622,1.6286,2.2375,0.3007,1.2608,1.6439,1.2788,0.8331,1.8237,1.4931,0.5201,1.4155,1.3129,0.4374,2.1045,0.845,1.2591,1.2339
410,0.9468,1.8826,0.9045,0.3672,1.894,1.4018,0.468,1.8775,1.4457,2.1045,0.3534,1.0532,1.4738,1.1994,0.8344,1.6832,1.3378,0.6496,1.211,1.1053,0.5493,1.9587,0.827,1.1872,1.0757
411,1.1812,2.3341,1.292,0.8088,2.3342,1.7327,0.8869,2.3481,1.9503,2.4479,0.6608,1.495,1.839,1.5482,0.5797,2.0256,1.7068,0.7076,1.6858,1.5521,0.2097,2.3261,0.6254,1.4279,1.5813
412,1.0291,2.1876,1.2171,0.7266,2.1943,1.5705,0.7542,2.211,1.8336,2.2808,0.585,1.41,1.6825,1.394,0.5265,1.8596,1.5458,0.6301,1.5793,1.4384,0.1211,2.1617,0.5548,1.2604,1.4634
413,1.164,2.317,1.2273,0.7841,2.3233,1.7186,0.873,2.3277,1.9173,2.446,0.6003,1.4753,1.8406,1.525,0.651,2.0254,1.7035,0.6646,1.663,1.5374,0.2513,2.3221,0.6923,1.4277,1.541
414,1.0881,2.2556,1.1215,0.7466,2.2743,1.6468,0.8265,2.2671,1.8498,2.3901,0.4957,1.4416,1.7987,1.4443,0.7202,1.9738,1.6526,0.573,1.6153,1.4975,0.28,2.2664,0.7535,1.3709,1.4612
415,1.0202,2.2011,1.0176,0.7262,2.2327,1.5817,0.7954,2.2135,1.7894,2.3408,0.3948,1.4184,1.7657,1.3699,0.7986,1.93,1.6105,0.4883,1.5768,1.4676,0.3416,2.2176,0.8254,1.323,1.3881
416,1.0267,2.2819,1.0656,0.8425,2.3224,1.6134,0.8896,2.3031,1.8887,2.3863,0.4567,1.5349,1.8363,1.4029,0.8105,1.9814,1.6739,0.4496,1.6864,1.5739,0.3164,2.2724,0.845,1.3417,1.4781
417,1.2978,2.5512,1.2721,1.0397,2.5802,1.8936,1.1359,2.5635,2.1315,2.6661,0.7006,1.7295,2.1025,1.6814,0.897,2.2588,1.9481,0.6747,1.9103,1.8012,0.4624,2.5516,0.9516,1.6151,1.7281
418,1.1986,2.5489,1.2651,1.1256,2.5974,1.816,1.1687,2.5793,2.1713,2.6043,0.7079,1.82,2.0883,1.6092,0.9118,2.2095,1.9202,0.5725,1.975,1.8596,0.4437,2.5048,0.9653,1.5254,1.7515
419,1.0801,2.3467,1.1222,0.8956,2.3851,1.6722,0.9488,2.3682,1.9539,2.4449,0.5203,1.5896,1.8951,1.4634,0.8102,2.04,1.7341,0.491,1.7469,1.6329,0.318,2.3327,0.8507,1.3941,1.5445
420,1.0263,2.3744,1.1318,0.9978,2.4288,1.6393,1.0127,2.4091,2.0111,2.4276,0.5582,1.6877,1.9176,1.433,0.8551,2.0336,1.7453,0.42,1.8258,1.7093,0.3518,2.3274,0.896,1.3532,1.5891
421,0.9603,2.1569,1.0466,0.7104,2.1865,1.5216,0.7466,2.1771,1.773,2.2716,0.414,1.403,1.6986,1.3204,0.7179,1.8591,1.5442,0.4779,1.5553,1.4348,0.2582,2.1519,0.7411,1.2454,1.376
422,0.8377,2.1483,1.1152,0.8418,2.1924,1.4238,0.7928,2.1932,1.8349,2.1777,0.5177,1.5125,1.6537,1.2418,0.6723,1.7754,1.4885,0.4275,1.6356,1.4997,0.2168,2.0766,0.6928,1.1102,1.4327
423,0.8054,2.0486,1.0956,0.7369,2.0828,1.3629,0.6775,2.09,1.7359,2.0972,0.4949,1.3998,1.5479,1.1869,0.6229,1.687,1.3902,0.4803,1.5242,1.3837,0.2334,1.9888,0.6312,1.0507,1.3463
424,0.9813,2.0808,1.2405,0.662,2.0774,1.4879,0.6545,2.1078,1.7536,2.167,0.6252,1.3226,1.5542,1.3287,0.4423,1.7413,1.4269,0.6922,1.4867,1.3336,0.2085,2.046,0.4512,1.1684,1.4022
425,0.9943,2.0895,1.3383,0.7365,2.0796,1.4858,0.6952,2.1255,1.8004,2.1396,0.7345,1.367,1.532,1.3463,0.3419,1.7147,1.4119,0.7677,1.5259,1.3602,0.2562,2.0247,0.3452,1.1434,1.4624
426,0.829,1.7783,1.2219,0.5739,1.7687,1.2318,0.4283,1.8171,1.517,1.8518,0.7049,1.1306,1.2229,1.1091,0.5424,1.4202,1.1052,0.809,1.2525,1.0802,0.5218,1.7262,0.4966,0.9141,1.2015
427,0.6583,1.7294,1.1047,0.6293,1.7534,1.0994,0.4349,1.7814,1.4828,1.7712,0.6205,1.1838,1.1961,0.963,0.6713,1.35,1.0479,0.687,1.2683,1.1085,0.542,1.6553,0.634,0.7821,1.1343
428,0.7998,1.8035,1.2723,0.6816,1.801,1.2098,0.5135,1.8553,1.5797,1.828,0.7599,1.2201,1.2279,1.1,0.5267,1.4021,1.1055,0.815,1.3276,1.1508,0.5279,1.7134,0.4797,0.8669,1.2628
429,0.9564,1.7773,1.5175,0.8478,1.7422,1.2529,0.6598,1.8401,1.6391,1.7522,1.0393,1.2625,1.1397,1.2027,0.5513,1.3292,1.0599,1.0872,1.361,1.1611,0.7574,1.6429,0.4782,0.8936,1.386
430,0.6943,1.5798,1.2299,0.6935,1.5873,1.0063,0.4361,1.6427,1.4046,1.597,0.8189,1.124,1.0005,0.921,0.7394,1.1686,0.8716,0.8957,1.1812,1.0025,0.7439,1.479,0.6805,0.6814,1.108
431,0.7035,1.5387,1.274,0.746,1.5448,0.9721,0.4768,1.6084,1.3955,1.536,0.8864,1.1338,0.9437,0.9065,0.7822,1.108,0.8192,0.9567,1.177,0.9943,0.8129,1.4203,0.7193,0.6437,1.1149
432,0.7206,1.5003,1.3209,0.8022,1.5048,0.9428,0.5253,1.577,1.3905,1.4765,0.9551,1.1485,0.8898,0.8983,0.8297,1.0494,0.7707,1.0197,1.1776,0.9918,0.8831,1.3633,0.7637,0.6131,1.1269
433,0.7451,1.4649,1.3705,0.8614,1.4677,0.9189,0.5798,1.5486,1.3896,1.4185,1.0248,1.168,0.8394,0.8963,0.8812,0.9932,0.7269,1.0844,1.1831,0.9951,0.9542,1.3082,0.8128,0.5907,1.1438
434,0.7761,1.4371,1.4239,0.9249,1.4382,0.9028,0.6409,1.5283,1.3975,1.365,1.0955,1.1959,0.7973,0.9028,0.9333,0.9428,0.6929,1.1494,1.1979,1.0085,1.0237,1.2586,0.8631,0.5778,1.1694
435,0.8132,1.4082,1.4778,0.9884,1.4075,0.8907,0.7028,1.5067,1.4048,1.3109,1.1667,1.2241,0.7558,0.9135,0.991,0.8927,0.6614,1.2166,1.2128,1.0231,1.0961,1.2083,0.9194,0.5744,1.1953
436,0.8554,1.3829,1.5335,1.0536,1.3803,0.885,0.7672,1.4886,1.4162,1.2589,1.2384,1.2562,0.7201,0.9304,1.0511,0.8465,0.6375,1.2848,1.2323,1.0429,1.169,1.1607,0.9784,0.5809,1.2254
437,0.9017,1.366,1.5922,1.1215,1.3616,0.8877,0.8351,1.479,1.4359,1.2125,1.3107,1.2954,0.6955,0.9546,1.1106,0.8083,0.6263,1.3527,1.2601,1.0719,1.2403,1.1199,1.0372,0.5971,1.2629
438,0.66,1.3104,1.3539,1.0099,1.3555,0.6962,0.7026,1.4225,1.3196,1.1926,1.1132,1.2408,0.7051,0.7205,1.1151,0.7783,0.5539,1.151,1.1896,1.0212,1.1374,1.0956,1.0498,0.3886,1.0834
439,0.7921,1.2371,1.5324,1.265,1.3029,0.6286,0.956,1.385,1.3885,0.9742,1.3579,1.4118,0.6389,0.7529,1.3464,0.595,0.5042,1.3698,1.3125,1.1558,1.3897,0.9086,1.2796,0.3938,1.2058
440,0.6518,1.2763,1.4242,1.2479,1.3737,0.5264,0.9357,1.4255,1.3934,1.0102,1.2692,1.4443,0.7284,0.6315,1.3442,0.6464,0.5501,1.2581,1.3439,1.1977,1.3336,0.9541,1.2834,0.2417,1.166
441,0.5194,1.3323,1.3251,1.2495,1.4573,0.4544,0.9405,1.4809,1.415,1.0674,1.1938,1.4921,0.8368,0.5274,1.3596,0.7274,0.6311,1.156,1.3916,1.2572,1.2936,1.021,1.3054,0.0956,1.1457
442,0.4847,1.2348,1.1675,1.0053,1.3325,0.501,0.6947,1.3503,1.2153,1.1411,1.0183,1.2413,0.7299,0.4865,1.2401,0.7432,0.5174,1.0542,1.1561,1.0196,1.1668,1.0447,1.1829,0.2448,0.9325
443,0.5236,1.0726,0.9802,0.9528,1.2033,0.4372,0.6668,1.1679,0.9771,1.1242,0.9665,1.1146,0.7111,0.3424,1.398,0.7423,0.4784,1.0658,0.9871,0.8941,1.2661,0.9997,1.3437,0.4334,0.6667
444,0.4637,1.1464,0.9567,0.9156,1.269,0.4732,0.626,1.2386,1.0314,1.184,0.9069,1.1256,0.7606,0.3569,1.3338,0.7984,0.5319,0.997,1.0193,0.918,1.1936,1.0645,1.2814,0.4068,0.7022
445,0.4093,1.2204,0.9388,0.8834,1.3358,0.518,0.5923,1.3099,1.0884,1.2456,0.8499,1.1417,0.8143,0.3861,1.271,0.8576,0.5904,0.9294,1.056,0.9475,1.1216,1.1308,1.2208,0.3934,0.7438
446,0.363,1.2948,0.9269,0.8568,1.4036,0.5696,0.5669,1.3818,1.1476,1.3087,0.7962,1.1626,0.8713,0.4272,1.2098,0.9194,0.6525,0.8632,1.0968,0.982,1.0501,1.1983,1.1619,0.3946,0.7906
447,0.3279,1.3694,0.9212,0.8364,1.4722,0.6262,0.5511,1.4541,1.2087,1.3732,0.7465,1.188,0.9311,0.477,1.1503,0.9831,0.7174,0.7989,1.1412,1.021,0.9795,1.2668,1.1053,0.4102,0.8418
448,0.3082,1.4441,0.9217,0.8226,1.5416,0.6866,0.5455,1.5268,1.2715,1.4388,0.7015,1.2176,0.9932,0.5331,1.0929,1.0486,0.7844,0.7368,1.1889,1.0641,0.9097,1.3361,1.051,0.4387,0.8965
449,0.3068,1.519,0.9286,0.8157,1.6116,0.75,0.5505,1.5998,1.3356,1.5054,0.6623,1.2512,1.0572,0.5937,1.038,1.1154,0.8529,0.6777,1.2395,1.1108,0.8411,1.4062,0.9997,0.4778,0.9542
450,0.3209,1.5972,0.9399,0.8186,1.6859,0.8163,0.5695,1.6764,1.4039,1.5752,0.6285,1.2923,1.1267,0.6576,0.9875,1.1863,0.9263,0.6186,1.2964,1.1648,0.7732,1.4795,0.9536,0.5262,1.0164
451,0.4433,1.7355,0.7803,0.7347,1.823,0.9969,0.5691,1.7905,1.446,1.7864,0.3848,1.2931,1.314,0.7899,0.9773,1.3991,1.1173,0.4043,1.3319,1.22,0.6511,1.6809,0.9597,0.7596,1.0217
452,0.6497,1.8798,0.7676,0.6665,1.9494,1.2016,0.5968,1.9137,1.5228,1.9848,0.2111,1.2942,1.4699,0.9834,0.925,1.5893,1.2875,0.3227,1.3771,1.2725,0.5309,1.8692,0.9211,0.9726,1.0959
453,0.6296,1.9456,0.9875,0.7737,2.0056,1.2057,0.657,1.9992,1.6587,1.9673,0.449,1.4032,1.4647,1.0234,0.7649,1.5694,1.2874,0.3849,1.4895,1.3564,0.405,1.8668,0.762,0.9045,1.2525
454,0.7657,2.0186,0.8058,0.7283,2.0854,1.3373,0.7089,2.0471,1.6395,2.1282,0.202,1.3833,1.6119,1.1142,0.9262,1.734,1.432,0.2706,1.4862,1.3857,0.4774,2.014,0.9352,1.1046,1.21
455,0.947,2.242,1.021,0.8585,2.2936,1.5431,0.8759,2.2706,1.8656,2.3262,0.4213,1.5451,1.7984,1.3319,0.8346,1.9271,1.6281,0.3645,1.6801,1.5676,0.3317,2.2175,0.8646,1.2719,1.4464
456,0.8554,2.1688,0.8031,0.8986,2.2519,1.4497,0.8993,2.1981,1.7777,2.2673,0.294,1.5497,1.7873,1.2146,1.0578,1.8872,1.5977,0.2037,1.6496,1.5618,0.567,2.1613,1.078,1.232,1.3332
457,1.0068,2.2689,0.9943,0.8522,2.3193,1.5957,0.8998,2.2889,1.8653,2.3819,0.4035,1.5381,1.8448,1.3759,0.8922,1.9822,1.676,0.3981,1.6806,1.5773,0.3973,2.2681,0.9237,1.341,1.4455
458,1.0254,2.2241,0.8803,0.8063,2.2788,1.5923,0.8817,2.2327,1.7846,2.3826,0.3213,1.4747,1.8408,1.359,1.0032,1.9856,1.6711,0.4223,1.6143,1.5286,0.5302,2.2608,1.0287,1.3731,1.3616
459,0.9562,2.0551,0.8905,0.5885,2.0881,1.4827,0.6661,2.0598,1.6237,2.2342,0.2711,1.2704,1.6485,1.2649,0.8624,1.823,1.4941,0.4963,1.4196,1.3205,0.4568,2.1021,0.8741,1.2545,1.2235
460,0.8246,1.873,0.84,0.4713,1.9067,1.3153,0.4881,1.8834,1.4666,2.05,0.2534,1.1385,1.4595,1.1067,0.8468,1.6362,1.3049,0.5179,1.2657,1.1587,0.5081,1.9151,0.8406,1.0927,1.0708
461,0.7975,1.9584,0.6871,0.6677,2.0273,1.3316,0.6774,1.974,1.5406,2.1197,0.058,1.3006,1.5939,1.0957,1.0252,1.7275,1.4155,0.3515,1.4,1.3173,0.5991,1.9959,1.0293,1.1399,1.1075
462,0.7256,1.8996,0.652,0.6708,1.976,1.2573,0.6485,1.9209,1.4975,2.0496,0.0649,1.2865,1.5373,1.0208,1.0409,1.6608,1.3536,0.336,1.37,1.2868,0.6271,1.9281,1.0404,1.0706,1.0594
463,0.6549,1.8419,0.6195,0.6846,1.9268,1.183,0.6299,1.869,1.456,1.9803,0.1275,1.2778,1.4839,0.9453,1.0666,1.5957,1.2944,0.3371,1.344,1.2611,0.6668,1.8613,1.0615,1.0035,1.0131
464,0.5867,1.7891,0.6004,0.7054,1.8822,1.1118,0.6197,1.8225,1.4215,1.9142,0.1976,1.2749,1.4341,0.8733,1.0917,1.5338,1.2389,0.3516,1.3244,1.2414,0.7066,1.798,1.0825,0.9386,0.9752
465,0.5189,1.7342,0.5847,0.7341,1.8366,1.0381,0.6189,1.7741,1.386,1.846,0.2717,1.275,1.3849,0.798,1.1262,1.4708,1.1836,0.3836,1.3062,1.2241,0.7572,1.7328,1.113,0.8743,0.937
466,0.4539,1.681,0.5787,0.7693,1.7931,0.9647,0.6274,1.7277,1.3539,1.7784,0.3467,1.2796,1.3383,0.7229,1.1648,1.4091,1.1306,0.4269,1.2922,1.2114,0.8118,1.6686,1.1478,0.8122,0.9035
467,0.3926,1.6331,0.5869,0.8084,1.7544,0.8944,0.6431,1.687,1.3291,1.714,0.4193,1.2895,1.2956,0.6516,1.2015,1.3508,1.0819,0.4744,1.2846,1.2045,0.864,1.6079,1.1812,0.7525,0.8797
468,0.337,1.5837,0.6001,0.8539,1.7155,0.822,0.6685,1.6451,1.3044,1.6479,0.4949,1.3029,1.2547,0.5771,1.2469,1.2922,1.0348,0.5319,1.2794,1.201,0.9246,1.5458,1.2234,0.6958,0.8573
469,0.2908,1.5364,0.6224,0.9036,1.679,0.7504,0.7013,1.6057,1.2836,1.5828,0.5706,1.3205,1.2171,0.5032,1.2951,1.2355,0.9912,0.5936,1.2786,1.2024,0.9874,1.485,1.2687,0.6432,0.8413
470,0.2593,1.4945,0.6523,0.9534,1.6474,0.6836,0.7377,1.5714,1.2687,1.5221,0.6421,1.341,1.1848,0.4343,1.3418,1.1838,0.9536,0.6541,1.2824,1.2082,1.0473,1.4289,1.3129,0.5972,0.8332
471,0.2466,1.4521,0.6895,1.0093,1.6164,0.6142,0.7821,1.5375,1.2563,1.4591,0.718,1.3664,1.1548,0.3624,1.3949,1.1317,0.9185,0.721,1.2904,1.2188,1.1132,1.3712,1.3635,0.5556,0.8305
472,0.2524,1.4164,0.7345,1.0685,1.592,0.548,0.8316,1.5107,1.2529,1.3993,0.7929,1.3981,1.1312,0.2951,1.4476,1.0842,0.8907,0.7867,1.3062,1.2369,1.1777,1.3177,1.4142,0.5203,0.839
473,0.4367,1.3618,0.612,1.0831,1.5533,0.6001,0.8751,1.4401,1.1494,1.4247,0.8138,1.3618,1.1657,0.3286,1.5722,1.1279,0.9303,0.8589,1.2503,1.2117,1.284,1.3313,1.5392,0.6748,0.7219
474,0.67,1.0739,0.7171,1.0164,1.2563,0.5914,0.8116,1.1307,0.8302,1.281,0.9444,1.13,0.9543,0.3939,1.6416,0.9728,0.7439,1.0898,0.9695,0.9572,1.4193,1.1491,1.5971,0.754,0.4322
475,0.7233,1.1247,0.6335,1.0019,1.3039,0.6927,0.826,1.1637,0.8184,1.3749,0.9129,1.119,1.038,0.4831,1.669,1.0724,0.8365,1.078,0.9669,0.9711,1.4258,1.2395,1.6277,0.8483,0.3907
476,0.6602,1.1436,0.638,0.9868,1.3205,0.6506,0.7973,1.1916,0.8608,1.3593,0.8834,1.1329,1.0211,0.4315,1.6241,1.0489,0.8118,1.0349,0.9891,0.9796,1.3817,1.2284,1.5829,0.789,0.4346
477,0.7195,1.445,0.3098,0.9559,1.6083,0.9225,0.8461,1.4668,1.0524,1.681,0.6914,1.2253,1.3222,0.6635,1.6137,1.3699,1.117,0.8587,1.1463,1.1487,1.2863,1.5558,1.5875,0.9924,0.5867
478,0.6467,1.4201,0.3743,0.865,1.568,0.8788,0.7389,1.4456,1.0379,1.6428,0.6251,1.1605,1.2481,0.6212,1.5085,1.3116,1.0433,0.803,1.0937,1.0778,1.1964,1.5144,1.4803,0.9132,0.568
479,0.5251,1.3968,0.5484,0.7276,1.5152,0.8141,0.5523,1.433,1.055,1.5778,0.5505,1.078,1.1221,0.5745,1.3138,1.2114,0.919,0.7289,1.0363,0.9791,1.0393,1.4471,1.281,0.7664,0.605
480,0.4911,1.4916,0.6458,0.6366,1.5844,0.8763,0.4486,1.5306,1.1625,1.6385,0.4532,1.08,1.1408,0.6545,1.1451,1.2508,0.9455,0.6271,1.0805,0.9934,0.8747,1.5104,1.114,0.7424,0.7329
481,0.5411,1.4468,0.6281,0.613,1.5374,0.8792,0.4321,1.4785,1.0985,1.6256,0.4793,1.0256,1.1162,0.6578,1.1815,1.2379,0.9256,0.6824,1.0203,0.941,0.9215,1.4908,1.1485,0.7712,0.6679
482,0.5956,1.4038,0.6133,0.5993,1.4929,0.8874,0.4305,1.4275,1.0341,1.6162,0.5137,0.9745,1.0976,0.6675,1.225,1.2302,0.9122,0.7404,0.9619,0.8925,0.9741,1.4747,1.1904,0.8069,0.6016
483,0.6499,1.3663,0.6068,0.5932,1.4535,0.9008,0.4389,1.382,0.975,1.6109,0.5515,0.9288,1.0845,0.6838,1.2673,1.2272,0.9051,0.7961,0.909,0.8499,1.0247,1.4634,1.2314,0.8447,0.5411
484,0.7098,1.328,0.6077,0.5957,1.4132,0.9195,0.459,1.3346,0.9126,1.6075,0.5981,0.8831,1.0744,0.707,1.3154,1.2274,0.9023,0.8578,0.8545,0.808,1.0812,1.4537,1.2782,0.8884,0.4776
485,0.7688,1.292,0.6181,0.606,1.3748,0.9407,0.4867,1.2894,0.8525,1.6053,0.6485,0.8416,1.0669,0.7341,1.3633,1.2293,0.9028,0.9194,0.8031,0.7702,1.1376,1.4457,1.3249,0.9322,0.4179
486,0.8309,1.2626,0.6325,0.623,1.3428,0.9701,0.5232,1.2499,0.7961,1.6105,0.6994,0.8049,1.0684,0.7693,1.4133,1.2398,0.9132,0.9803,0.7567,0.7396,1.1945,1.4455,1.3741,0.9824,0.3633
487,0.8924,1.2323,0.657,0.6475,1.3096,0.9997,0.5645,1.2093,0.7393,1.6141,0.7555,0.7714,1.0697,0.8059,1.4645,1.2493,0.9238,1.0437,0.7115,0.7114,1.2533,1.444,1.4243,1.0313,0.3118
488,0.9576,1.2061,0.687,0.6793,1.2801,1.0357,0.6131,1.1717,0.684,1.6228,0.8146,0.7426,1.0778,0.8491,1.5192,1.265,0.9421,1.1092,0.6703,0.6898,1.3149,1.4478,1.4782,1.0856,0.2679
489,1.0223,1.1867,0.7201,0.7148,1.2571,1.0758,0.6645,1.1407,0.6352,1.6368,0.8723,0.7208,1.0926,0.8959,1.5734,1.2864,0.967,1.1725,0.6368,0.6769,1.3749,1.4575,1.5319,1.1416,0.2402
490,1.1282,1.2345,0.8877,0.5668,1.2405,1.2056,0.573,1.1676,0.6628,1.7153,0.9007,0.5048,1.0779,1.0465,1.4681,1.3388,0.9915,1.2313,0.5,0.5198,1.3252,1.5235,1.4238,1.2182,0.4083
491,1.0156,1.2402,0.7818,0.5656,1.2755,1.1154,0.5331,1.1935,0.7015,1.6746,0.8124,0.6163,1.0685,0.9413,1.4393,1.2983,0.9553,1.1303,0.5921,0.5954,1.2664,1.4918,1.3969,1.1277,0.361
492,1.1289,1.4455,0.9046,0.3434,1.4285,1.3182,0.4553,1.3858,0.8992,1.8746,0.7642,0.5271,1.1963,1.1445,1.2768,1.4728,1.1089,1.1167,0.6526,0.6165,1.134,1.6886,1.2391,1.2557,0.6316
493,1.0394,1.4186,0.8545,0.3311,1.4161,1.2379,0.3896,1.3728,0.8996,1.8157,0.7067,0.5782,1.1505,1.0612,1.2412,1.412,1.0493,1.049,0.6751,0.6251,1.0866,1.6348,1.2026,1.1698,0.5977
494,0.954,1.4017,0.8117,0.3393,1.4134,1.1647,0.337,1.3696,0.9118,1.7652,0.6554,0.6373,1.1152,0.9843,1.2104,1.3601,0.9998,0.9852,0.71,0.6483,1.0437,1.59,1.1714,1.0896,0.5796
495,0.8646,1.3853,0.7759,0.3718,1.412,1.0874,0.2991,1.368,0.9292,1.7118,0.6135,0.7029,1.0806,0.9036,1.1861,1.3061,0.9499,0.9249,0.7518,0.6801,1.0078,1.543,1.1465,1.005,0.5706
496,0.7793,1.3789,0.7488,0.4166,1.4199,1.0181,0.2849,1.3758,0.9569,1.6671,0.5801,0.7718,1.0572,0.8302,1.1668,1.2618,0.9115,0.8692,0.8022,0.7225,0.9768,1.5054,1.127,0.9268,0.5781
497,0.7865,1.5078,0.6942,0.3826,1.551,1.0999,0.3199,1.5028,1.0672,1.783,0.4578,0.8468,1.183,0.8943,1.1213,1.3785,1.0325,0.7712,0.9086,0.8328,0.8878,1.6268,1.0899,0.9862,0.6733
498,0.7525,1.6867,0.8308,0.3748,1.7164,1.1745,0.3074,1.6987,1.299,1.8784,0.3641,0.9927,1.2716,0.9796,0.8826,1.4604,1.1213,0.6301,1.0969,0.9832,0.6338,1.7365,0.8583,0.9689,0.9173
499,0.9924,1.7876,0.8531,0.2656,1.7938,1.3896,0.4262,1.7669,1.3123,2.0687,0.411,0.919,1.422,1.1853,0.9588,1.65,1.2949,0.757,1.0776,0.9898,0.7124,1.9114,0.9436,1.2168,0.9555
500,0.9924,1.7876,0.8531,0.2656,1.7938,1.3896,0.4262,1.7669,1.3123,2.0687,0.411,0.919,1.422,1.1853,0.9588,1.65,1.2949,0.757,1.0776,0.9898,0.7124,1.9114,0.9436,1.2168,0.9555

